cid,rhealth,raceth,fem,pfem,sprhealth,marstrain,sim_cont,sim2_cont,marhappy
101,Good,nh-white,1,1,3,-1,18.236151,34.341469,1
101,Good,nh-white,1,1,3,-1.75,15.392377,31.229622,1.75
103,Very Good,nh-white,1,1,4,-1,19.693924,41.308044,1
103,Very Good,nh-white,1,1,4,-1.5,23.164589,42.365532,1.5
106,Excellent,nh-white,1,1,5,-1.25,23.169117,52.099346,1.25
106,Excellent,nh-white,1,1,5,-1.25,22.015219,52.788567,1.25
114,Very Good,nh-white,0,0,4,-2,21.139137,44.402069,2
114,Very Good,nh-white,0,0,4,-2,18.114214,40.447041,2
120,Excellent,nh-white,0,0,4,-1.75,21.428301,52.044254,1.75
120,Very Good,nh-white,0,0,5,-1.75,20.176294,43.813663,1.75
124,Good,nh-white,1,1,3,-1.75,17.009733,32.955093,1.75
124,Good,nh-white,1,1,3,-1.5,15.679259,33.459755,1.5
126,Good,nh-black,1,1,3,-1,17.486769,32.658382,1
126,Good,nh-white,1,1,3,-1,19.940001,31.62262,1
145,Good,nh-white,0,1,5,-.5,15.555373,34.289406,.5
145,Excellent,nh-white,1,0,3,-.5,24.078081,53.943127,.5
146,Excellent,nh-white,1,0,5,-1.75,23.987835,51.512093,1.75
146,Excellent,nh-white,0,1,5,-2,22.789711,51.627689,2
150,Good,nh-white,0,1,1,-1,17.45323,30.683079,1
150,Poor,nh-white,1,0,3,-1.75,12.157454,13.823338,1.75
152,Excellent,nh-white,1,0,3,-.25,21.287409,54.027824,.25
152,Good,nh-white,0,1,5,.5,19.131475,30.913145,-.5
164,Good,hispanic,0,0,3,-1.5,17.951506,28.997011,1.5
164,Good,nh-white,0,0,3,-.75,14.85032,31.352833,.75
165,Good,nh-white,1,1,5,-1.75,16.508076,34.512688,1.75
165,Excellent,nh-white,1,1,3,-2,22.878,51.402939,2
167,Good,nh-white,1,0,5,-1.25,18.574856,32.898354,1.25
167,Excellent,nh-white,0,1,3,-1.75,21.799612,53.316467,1.75
169,Very Good,nh-white,1,1,5,-1.5,20.654383,40.036621,1.5
169,Excellent,nh-white,1,1,4,-.5,24.055977,49.289436,.5
170,Good,nh-white,0,0,5,-1.25,16.03928,33.35873,1.25
170,Excellent,nh-white,0,0,3,-.5,23.375582,52.780743,.5
171,Good,nh-white,0,0,3,-.25,16.229305,32.220619,.25
171,Good,nh-white,0,0,3,-1.5,16.752008,33.093563,1.5
172,Very Good,nh-white,0,0,5,-1.75,23.00169,41.764263,1.75
172,Excellent,nh-asian,0,0,4,-2,21.766279,53.765995,2
173,Poor,nh-white,1,1,3,.25,9.6768389,11.794394,-.25
173,Good,nh-white,1,1,1,-2,17.000807,33.738724,2
174,Good,nh-white,0,0,3,-1.25,15.582093,33.507214,1.25
174,Good,hispanic,0,0,3,-.25,19.589109,34.038662,.25
175,Excellent,hispanic,1,1,4,-1.75,20.654669,53.521332,1.75
175,Very Good,nh-white,1,1,5,-1.75,19.97917,42.582047,1.75
176,Very Good,nh-asian,0,0,5,-1.75,21.299551,42.191944,1.75
176,Excellent,nh-white,0,0,4,-1.25,23.926832,54.156773,1.25
177,Good,nh-white,0,0,3,1,16.240458,30.310192,-1
177,Good,nh-white,0,0,3,-1,17.067736,32.49276,1
179,Good,nh-white,0,0,4,-2,17.803829,31.685335,2
179,Very Good,nh-white,0,0,3,-1.75,21.773647,42.269115,1.75
180,Good,nh-white,0,0,4,-1,17.345774,31.723455,1
180,Very Good,nh-white,0,0,3,-1.25,20.120552,42.156513,1.25
181,Good,nh-white,1,1,3,-1.75,17.369308,28.19405,1.75
181,Good,nh-white,1,1,3,-1.75,10.593096,35.152668,1.75
182,Very Good,nh-white,1,1,4,-1.25,18.152782,43.401814,1.25
182,Very Good,nh-white,1,1,4,-.5,18.993092,40.403488,.5
183,Excellent,nh-white,1,1,4,-1.75,22.073666,52.64225,1.75
183,Very Good,nh-white,1,1,5,-1.5,21.476624,40.232475,1.5
184,Very Good,nh-white,0,0,3,-.75,22.972281,41.546349,.75
184,Good,nh-white,0,0,4,-.75,20.124121,32.071106,.75
185,Fair,nh-mixed,0,0,4,-.25,14.047611,24.399811,.25
185,Very Good,nh-white,0,0,2,-1,20.708408,43.570278,1
186,Very Good,nh-white,1,1,3,-.5,20.355171,43.715302,.5
186,Good,nh-other,1,1,4,-1.5,16.623461,30.585917,1.5
187,Poor,nh-white,0,0,3,-1,12.138889,14.479234,1
187,Good,nh-mixed,0,0,1,0,18.531183,30.423948,0
188,Good,nh-white,0,0,3,-.5,16.863136,33.851334,.5
188,Good,nh-white,0,0,3,-1.25,18.805866,34.25354,1.25
189,Very Good,nh-white,1,1,4,-1.25,21.075182,43.173241,1.25
189,Very Good,nh-white,1,1,4,-1,21.087019,44.91394,1
190,Very Good,nh-asian,0,0,4,-1.75,21.412451,40.704166,1.75
190,Very Good,nh-white,0,0,4,-1.25,17.94828,42.862003,1.25
191,Fair,nh-white,0,0,2,-1,16.027153,23.463848,1
191,Fair,nh-white,0,0,2,0,16.491077,23.169209,0
192,Very Good,nh-white,0,0,2,-1.75,19.123775,41.725307,1.75
192,Fair,nh-white,0,0,4,-1,13.985247,22.421059,1
193,Excellent,nh-white,1,1,3,-.75,23.849125,50.965591,.75
193,Good,nh-white,1,1,5,-.75,16.247412,31.666666,.75
194,Good,nh-white,1,1,3,-2,16.707689,36.711758,2
194,Good,nh-white,1,1,3,-1.75,18.802975,31.684307,1.75
195,Very Good,nh-white,0,0,2,-1.25,19.437002,44.07193,1.25
195,Fair,nh-white,0,0,4,-1.25,16.790022,21.188864,1.25
196,Excellent,nh-asian,0,0,4,-1,21.839672,53.426556,1
196,Very Good,nh-white,0,0,5,.25,18.928223,43.678219,-.25
197,Excellent,nh-white,0,0,4,-2,22.825613,51.640255,2
197,Very Good,nh-white,0,0,5,-2,19.989073,42.652393,2
198,Good,nh-white,1,1,5,-1,16.264627,30.66201,1
198,Excellent,nh-white,1,1,3,-1.5,19.855284,52.171059,1.5
199,Very Good,nh-white,0,0,5,-1,20.534882,44.326782,1
199,Excellent,nh-white,0,0,4,-.75,21.290411,49.49123,.75
201,Excellent,nh-asian,0,0,2,-2,23.267612,55.686363,2
201,Fair,nh-white,0,0,5,-1.75,13.742377,23.434399,1.75
202,Very Good,nh-white,0,0,5,-1,16.827385,44.170593,1
202,Excellent,nh-white,0,0,4,-1.5,20.413984,51.613277,1.5
203,Excellent,nh-white,0,0,4,-1.5,23.504145,52.73262,1.5
203,Very Good,nh-white,0,0,5,-1.75,21.564083,40.614838,1.75
204,Good,nh-white,0,0,3,-1.75,16.825752,31.680897,1.75
204,Good,nh-white,0,0,3,-1.25,18.122768,33.05806,1.25
205,Very Good,nh-white,0,0,5,-2,20.97592,42.191113,2
205,Excellent,nh-white,0,0,4,-2,22.253139,52.511509,2
206,Very Good,hispanic,1,1,4,-1.5,20.993261,41.909313,1.5
206,Very Good,hispanic,1,1,4,-1.5,17.895288,43.438385,1.5
209,Good,nh-white,0,0,4,-1.25,18.547256,32.259109,1.25
209,Very Good,hispanic,0,0,3,-1.75,19.109194,39.283367,1.75
210,Very Good,nh-white,0,0,5,-1.75,20.613556,43.447334,1.75
210,Excellent,nh-white,0,0,4,-1.75,22.111078,50.780437,1.75
211,Very Good,nh-white,0,0,4,-.75,18.114916,42.724247,.75
211,Very Good,nh-white,0,0,4,-1,22.350407,43.088642,1
212,Very Good,nh-white,0,0,4,-1.25,21.382238,42.61042,1.25
212,Very Good,nh-white,0,0,4,-1.5,21.455282,42.016373,1.5
214,Good,nh-white,0,0,5,-1,19.456944,30.67864,1
214,Excellent,nh-white,0,0,3,-1.5,20.569254,51.028465,1.5
215,Very Good,nh-white,0,0,4,-1.75,18.392733,43.325981,1.75
215,Very Good,nh-white,0,0,4,-1,21.376518,40.966316,1
216,Very Good,nh-white,0,0,5,-2,19.175537,41.100353,2
216,Excellent,nh-white,0,0,4,-1.75,19.208536,51.824463,1.75
217,Very Good,nh-white,0,0,3,.5,20.770542,42.262321,-.5
217,Good,nh-white,0,0,4,.75,19.065002,30.945564,-.75
218,Very Good,nh-white,1,1,3,-1.75,22.093796,41.779163,1.75
218,Good,nh-white,1,1,4,-1.5,16.723507,34.008385,1.5
219,Good,nh-white,0,0,5,-.5,17.716309,30.574259,.5
219,Excellent,hispanic,0,0,3,-.25,23.226049,53.534054,.25
221,Good,nh-white,1,0,3,-1.25,17.401794,34.068321,1.25
221,Good,nh-white,0,1,3,-.5,19.027718,33.229172,.5
222,Very Good,nh-white,1,1,3,-1.75,20.391632,42.609547,1.75
222,Good,nh-white,1,1,4,-.5,20.057159,32.446571,.5
224,Good,nh-white,1,1,4,-1.5,17.568348,34.20052,1.5
224,Very Good,nh-white,1,1,3,-1.75,20.678225,43.724941,1.75
225,Good,nh-white,0,0,3,.75,19.66642,33.123035,-.75
225,Good,nh-mixed,0,0,3,1.5,17.77807,31.895388,-1.5
227,Good,nh-white,1,0,3,-1.25,19.78896,31.520351,1.25
227,Good,nh-white,0,1,3,0,16.93305,30.221762,0
228,Good,nh-white,0,1,3,-.75,16.876394,32.538647,.75
228,Good,nh-white,1,0,3,-1.25,15.413011,33.95594,1.25
229,Very Good,nh-white,1,1,4,-2,18.739773,42.52076,2
229,Very Good,nh-white,1,1,4,-1.75,18.349112,39.851017,1.75
232,Very Good,nh-white,1,1,3,-1.75,18.14855,41.957481,1.75
232,Good,nh-white,1,1,4,-1.25,16.763063,30.036739,1.25
233,Good,nh-white,0,0,4,-1,16.105232,34.321049,1
233,Very Good,nh-white,0,0,3,-2,20.494949,42.032227,2
234,Very Good,nh-white,1,1,4,-1,18.551584,43.421143,1
234,Very Good,nh-white,1,1,4,-1.5,18.957508,41.661842,1.5
236,Very Good,hispanic,0,0,2,-1,19.280647,42.950626,1
236,Fair,nh-white,0,0,4,-1.75,16.173326,22.211275,1.75
237,Very Good,nh-white,0,0,2,-1,20.419451,44.467754,1
237,Fair,nh-white,0,0,4,-.75,12.480956,22.000532,.75
239,Very Good,nh-white,0,0,3,-1.75,18.407042,45.08498,1.75
239,Good,nh-white,0,0,4,-2,18.220507,34.493423,2
241,Good,nh-white,1,1,3,-1,16.624683,32.833408,1
241,Good,nh-white,1,1,3,-.5,18.199806,33.358055,.5
242,Fair,nh-white,0,0,3,-2,16.277008,22.99296,2
242,Good,nh-white,0,0,2,-2,18.230625,35.277805,2
243,Very Good,nh-white,1,1,3,-2,17.976973,44.020126,2
243,Good,nh-white,1,1,4,0,18.658085,31.762703,0
245,Excellent,nh-white,0,0,5,-1.5,21.990786,52.523232,1.5
245,Excellent,nh-white,0,0,5,-1.5,22.788054,51.743134,1.5
246,Good,nh-white,0,0,3,-2,15.042431,31.310852,2
246,Good,nh-white,0,0,3,-1.75,15.596796,30.972363,1.75
247,Fair,hispanic,0,0,4,-2,17.204962,21.309019,2
247,Very Good,hispanic,0,0,2,-1.5,20.23222,44.812176,1.5
249,Very Good,nh-white,1,1,4,-1.75,19.556412,41.36277,1.75
249,Very Good,nh-white,1,1,4,-1.5,19.154694,41.769131,1.5
251,Good,nh-white,0,0,3,-.75,18.569544,32.212006,.75
251,Good,nh-other,0,0,3,0,16.143431,31.985846,0
253,Fair,nh-white,1,1,3,-.75,15.912348,21.138926,.75
253,Good,nh-white,1,1,2,-1.25,19.197672,34.386299,1.25
254,Very Good,nh-white,0,0,5,-1.75,22.550217,43.038437,1.75
254,Excellent,nh-white,0,0,4,-1.25,20.974939,52.541004,1.25
255,Good,nh-white,0,0,4,-2,17.36248,30.062811,2
255,Very Good,nh-white,0,0,3,-1.75,19.780802,42.85535,1.75
256,Very Good,nh-white,0,0,2,-1.5,19.712378,42.126015,1.5
256,Fair,nh-white,0,0,4,-1.75,15.370872,21.185591,1.75
257,Fair,nh-white,1,1,3,-1.25,16.63229,23.666811,1.25
257,Good,nh-white,1,1,2,-1.5,18.380093,32.622421,1.5
258,Good,nh-white,1,1,3,-1.75,17.659473,32.435188,1.75
258,Good,nh-white,1,1,3,-1.25,15.672441,32.227673,1.25
259,Good,nh-white,0,0,4,-1.75,20.307377,30.405983,1.75
259,Very Good,nh-white,0,0,3,-1.5,18.217644,42.183491,1.5
260,Good,nh-white,1,1,5,-1.5,17.536007,31.127348,1.5
260,Excellent,nh-white,1,1,3,-1.75,22.641144,51.973602,1.75
264,Good,nh-white,0,0,3,-1.75,15.689174,31.368832,1.75
264,Good,nh-white,0,0,3,.25,17.564177,32.324986,-.25
265,Excellent,nh-white,0,0,4,-1.25,21.582438,52.413548,1.25
265,Very Good,nh-white,0,0,5,-1.5,19.924992,41.640549,1.5
266,Very Good,nh-white,1,1,3,-1.5,21.384348,41.335884,1.5
266,Good,nh-white,1,1,4,-.75,20.548658,32.484287,.75
267,Good,nh-white,0,0,4,-1.75,18.480705,32.18359,1.75
267,Very Good,nh-asian,0,0,3,-1.75,17.193714,43.463951,1.75
270,Very Good,nh-asian,1,0,3,-1,20.74032,43.379734,1
270,Good,nh-asian,0,1,4,0,18.655764,30.741123,0
272,Very Good,nh-white,1,0,5,-1.5,20.87447,39.200722,1.5
272,Excellent,nh-white,0,1,4,-1.75,24.142647,55.610752,1.75
280,Very Good,nh-white,1,1,4,-1.5,20.285892,41.837585,1.5
280,Very Good,nh-mixed,1,1,4,-1.5,18.503777,41.798485,1.5
303,Very Good,nh-white,1,0,4,-1.75,21.52636,43.971962,1.75
303,Very Good,nh-white,0,1,4,-1.5,19.689383,44.470081,1.5
305,Good,nh-white,1,0,3,-1,15.640732,31.182615,1
305,Good,nh-white,0,1,3,-.25,20.837807,31.507339,.25
307,Excellent,nh-white,1,0,5,-1.75,21.064449,54.325584,1.75
307,Excellent,nh-white,0,1,5,-1.75,20.277836,52.333221,1.75
308,Excellent,nh-white,1,1,4,-2,21.40641,52.743416,2
308,Very Good,nh-white,1,1,5,-1.5,20.374371,42.217495,1.5
309,Very Good,nh-white,1,1,4,-1.75,19.252739,38.717873,1.75
309,Very Good,nh-white,1,1,4,-2,18.240694,42.832973,2
310,Very Good,nh-white,1,1,2,-1,17.964272,44.147385,1
310,Fair,nh-white,1,1,4,-.5,13.289791,21.32078,.5
311,Good,nh-white,0,0,4,-1.75,19.931845,33.444523,1.75
311,Very Good,nh-white,0,0,3,-2,19.004684,42.32563,2
314,Very Good,nh-white,1,1,4,-1.75,19.079853,42.633713,1.75
314,Very Good,nh-asian,1,1,4,-1.5,18.858833,44.177681,1.5
315,Very Good,nh-white,0,0,2,-1.5,20.664772,39.734394,1.5
315,Fair,nh-black,0,0,4,-1.5,13.981812,22.667601,1.5
317,Very Good,nh-white,1,1,4,-1.25,18.378141,43.659588,1.25
317,Very Good,nh-white,1,1,4,-.75,20.368612,44.856869,.75
319,Fair,nh-white,1,0,4,-1.75,14.436915,24.619625,1.75
319,Very Good,nh-white,0,1,2,-1.5,20.271702,41.822094,1.5
320,Good,nh-white,1,0,4,-1.25,16.884348,31.195057,1.25
320,Very Good,nh-white,0,1,3,-1.5,20.844498,42.334923,1.5
322,Excellent,nh-white,1,1,5,-1.5,23.452532,54.326904,1.5
322,Excellent,nh-white,1,1,5,-1.5,24.618713,49.443375,1.5
323,Good,nh-white,0,0,5,-1.25,17.078716,30.220432,1.25
323,Excellent,nh-white,0,0,3,-1.5,21.393471,53.355175,1.5
325,Poor,nh-white,1,1,4,-1,7.9190664,13.995373,1
325,Very Good,nh-white,1,1,1,-1,20.763712,42.321796,1
326,Very Good,nh-white,1,1,3,-2,19.719141,40.754333,2
326,Good,nh-white,1,1,4,-2,16.748091,31.477707,2
327,Fair,nh-white,1,1,2,-.75,16.923311,23.907804,.75
327,Fair,nh-white,1,1,2,-.25,15.7969,21.177032,.25
328,Excellent,nh-white,0,0,4,.25,21.748714,54.486904,-.25
328,Very Good,hispanic,0,0,5,-1,18.974987,46.286854,1
330,Good,nh-mixed,0,0,3,.25,17.857531,30.188103,-.25
330,Good,nh-white,0,0,3,-1.25,18.080715,32.732368,1.25
331,Good,nh-white,1,1,3,-1.5,19.063496,31.541481,1.5
331,Good,nh-white,1,1,3,-1.25,18.413794,33.948456,1.25
332,Excellent,nh-white,1,1,5,-1.75,22.800858,53.17091,1.75
332,Excellent,nh-white,1,1,5,-.75,23.139088,56.990147,.75
333,Excellent,nh-white,1,1,4,-1.25,20.298407,52.384056,1.25
333,Very Good,nh-white,1,1,5,-1.5,18.992643,41.507332,1.5
334,Fair,nh-white,1,1,1,-.25,15.652068,23.667013,.25
334,Poor,nh-white,1,1,2,-2,12.671436,13.45444,2
342,Fair,nh-white,1,0,4,-.75,14.836046,21.682526,.75
342,Very Good,nh-white,0,1,2,-.25,19.723417,42.730206,.25
346,Good,nh-white,1,0,5,-1.5,18.04529,31.97588,1.5
346,Excellent,nh-white,0,1,3,-.5,21.633667,56.860332,.5
347,Good,nh-white,1,0,3,-.25,15.908348,31.10095,.25
347,Good,nh-white,0,1,3,-1.5,15.532488,33.024132,1.5
352,Very Good,nh-white,1,0,3,-1.5,21.800564,44.779846,1.5
352,Good,nh-white,0,1,4,-1.75,17.288448,32.102795,1.75
353,Very Good,nh-white,1,0,2,-2,22.316473,43.939964,2
353,Fair,nh-white,0,1,4,-2,14.931876,19.042253,2
355,Good,hispanic,1,0,3,-1.25,15.867799,33.893749,1.25
355,Good,nh-white,0,1,3,.75,16.521833,29.514534,-.75
356,Fair,nh-white,1,0,2,-1.5,13.961618,23.470257,1.5
356,Fair,nh-white,0,1,2,-1.75,15.429759,22.153965,1.75
363,Good,nh-white,1,0,3,-1.5,18.04804,32.986622,1.5
363,Good,nh-white,0,1,3,-1.25,18.342888,33.405319,1.25
364,Good,nh-white,1,0,4,-.25,18.986839,31.941738,.25
364,Very Good,nh-white,0,1,3,-.5,21.091774,41.922371,.5
368,Good,nh-white,1,0,3,-.25,17.797094,34.717781,.25
368,Good,nh-white,0,1,3,-.75,16.869318,33.789619,.75
369,Good,nh-white,1,0,4,-1.25,18.856171,31.691198,1.25
369,Very Good,nh-white,0,1,3,-.75,17.831228,44.295036,.75
370,Very Good,nh-white,1,0,2,.5,20.748909,45.052944,-.5
370,Fair,nh-white,0,1,4,-.75,15.563934,24.055422,.75
374,Good,nh-white,1,0,3,-1.75,17.021914,29.24641,1.75
374,Good,nh-white,0,1,3,-.25,16.633299,32.216938,.25
375,Excellent,nh-white,1,0,3,-.75,21.080122,52.630741,.75
375,Good,nh-white,0,1,5,-.75,16.23579,31.908607,.75
377,Very Good,nh-white,0,1,2,-1,20.382528,43.404984,1
377,Fair,nh-white,1,0,4,.25,16.370842,23.904291,-.25
378,Good,nh-white,1,1,2,-1.75,16.703596,32.667038,1.75
378,Fair,nh-mixed,1,1,3,-1.5,12.826768,22.150896,1.5
381,Very Good,nh-white,1,1,5,-1,20.267178,39.765877,1
381,Excellent,nh-asian,1,1,4,-2,24.017311,50.342838,2
382,Good,nh-white,1,0,4,-.25,15.413034,33.685974,.25
382,Very Good,nh-white,0,1,3,-1.5,19.382929,45.085922,1.5
385,Good,nh-white,0,0,3,.75,15.756869,32.095718,-.75
385,Good,nh-white,0,0,3,-.5,17.499844,30.308928,.5
386,Very Good,nh-white,1,1,5,-1.75,19.704269,41.184395,1.75
386,Excellent,nh-white,1,1,4,-1.75,22.504766,54.218399,1.75
387,Good,nh-other,1,0,4,0,18.34479,33.168495,0
387,Very Good,hispanic,0,1,3,-.25,17.479708,41.690216,.25
390,Good,nh-white,1,1,5,-1.75,17.484255,31.849514,1.75
390,Excellent,nh-black,1,1,3,0,23.940363,51.736473,0
394,Good,nh-white,1,0,3,-.5,16.918526,33.57296,.5
394,Good,nh-white,0,1,3,-.25,17.977253,32.194794,.25
395,Very Good,nh-white,0,0,4,-1.5,21.21464,40.346352,1.5
395,Very Good,nh-white,0,0,4,-.75,21.20932,43.364311,.75
397,Good,nh-white,0,1,4,0,18.175257,34.070656,0
397,Very Good,nh-white,1,0,3,-.75,18.960255,42.186832,.75
398,Good,nh-white,1,1,3,-2,16.941395,33.503677,2
398,Good,nh-white,1,1,3,-2,18.395994,35.223259,2
399,Excellent,nh-white,0,1,3,-.75,24.051058,52.707005,.75
399,Good,nh-white,1,0,5,-1.25,17.006876,33.617489,1.25
404,Very Good,nh-white,0,0,3,-1.75,21.041136,43.449699,1.75
404,Good,nh-white,0,0,4,-1.25,17.328329,30.281172,1.25
406,Good,nh-white,0,0,3,-.75,16.575363,31.516413,.75
406,Good,nh-white,0,0,3,-1.5,15.76337,32.76593,1.5
407,Very Good,nh-white,1,1,4,-1.75,20.918673,41.135387,1.75
407,Very Good,nh-white,1,1,4,-2,20.357208,44.983112,2
409,Excellent,nh-white,1,1,5,-2,19.315355,50.374596,2
409,Excellent,nh-white,1,1,5,-1.5,25.007837,53.578018,1.5
410,Good,nh-white,1,1,3,-1.5,18.409277,32.333221,1.5
410,Good,nh-black,1,1,3,-.75,18.812698,32.634586,.75
412,Excellent,nh-white,0,0,3,-1.5,22.119028,53.079739,1.5
412,Good,nh-white,0,0,5,-1,16.941935,31.225657,1
413,Good,nh-white,1,1,5,-1,15.908884,27.9643,1
413,Excellent,nh-white,1,1,3,-1.75,23.100445,52.827133,1.75
416,Good,nh-white,1,1,3,-1.75,17.741407,32.06126,1.75
416,Good,nh-white,1,1,3,-1,17.376448,31.921041,1
417,Fair,nh-white,1,1,4,-1.5,15.799295,22.304794,1.5
417,Very Good,nh-white,1,1,2,0,19.832277,42.407055,0
418,Excellent,nh-white,1,0,2,-1.5,22.566727,50.056801,1.5
418,Fair,nh-white,0,1,5,-.25,13.936259,22.073912,.25
419,Fair,nh-white,1,0,4,.75,14.546521,21.255901,-.75
419,Very Good,nh-white,0,1,2,-.25,23.01115,42.540462,.25
420,Very Good,nh-white,1,1,5,-1,21.172535,41.798027,1
420,Excellent,nh-white,1,1,4,-2,21.341957,52.498554,2
421,Excellent,nh-white,0,0,5,-.5,23.173563,53.909798,.5
421,Excellent,nh-white,0,0,5,.25,22.964193,50.577694,-.25
423,Very Good,nh-mixed,1,1,4,-.5,18.991217,39.228363,.5
423,Very Good,nh-white,1,1,4,-1.25,20.955225,43.024265,1.25
424,Very Good,nh-white,1,1,2,-1.25,22.801386,42.060436,1.25
424,Fair,nh-white,1,1,4,.25,14.960629,21.722988,-.25
425,Excellent,nh-white,1,1,3,-1.75,22.635998,50.624649,1.75
425,Good,nh-white,1,1,5,-.75,15.801768,31.498581,.75
426,Good,nh-white,0,0,4,.25,15.04898,30.996445,-.25
426,Very Good,nh-white,0,0,3,.5,19.690594,42.327026,-.5
428,Very Good,nh-white,1,1,1,-.75,18.032726,42.270084,.75
428,Poor,nh-white,1,1,4,-1,10.302745,12.657181,1
429,Poor,nh-white,1,1,4,-1.5,12.365789,12.150841,1.5
429,Very Good,nh-white,1,1,1,-2,19.172287,43.777695,2
430,Very Good,nh-white,1,1,4,-2,20.797764,40.568504,2
430,Very Good,nh-white,1,1,4,-2,21.285463,42.138046,2
431,Good,hispanic,0,0,4,-1.75,16.630316,35.868706,1.75
431,Very Good,nh-white,0,0,3,-.5,19.794659,42.886604,.5
432,Very Good,nh-white,0,0,3,-1.5,20.17275,44.908611,1.5
432,Good,nh-white,0,0,4,-1.75,17.118553,35.186119,1.75
434,Fair,nh-white,0,0,5,-1,16.262651,26.594538,1
434,Excellent,hispanic,0,0,2,-1,24.832758,53.419994,1
435,Excellent,nh-white,0,0,4,.25,23.185209,52.231926,-.25
435,Very Good,nh-white,0,0,5,-1.75,23.051712,42.08728,1.75
436,Good,nh-white,1,1,5,-1.75,18.377966,33.996048,1.75
436,Excellent,nh-white,1,1,3,-1.75,22.212606,52.106209,1.75
438,Good,nh-white,1,1,3,-1,17.815443,32.568287,1
438,Good,nh-white,1,1,3,-.25,16.683088,30.642067,.25
439,Excellent,nh-black,0,0,3,-1.5,21.197395,52.226311,1.5
439,Good,nh-white,0,0,5,-1.5,18.926779,31.055527,1.5
440,Fair,nh-white,1,0,4,-1,16.550285,21.858034,1
440,Very Good,nh-white,0,1,2,0,20.058365,41.391113,0
443,Good,nh-white,0,0,3,-1.5,16.52986,34.384193,1.5
443,Good,nh-white,0,0,3,-1.5,19.713804,32.7174,1.5
444,Good,nh-white,1,0,3,-1.75,16.620359,31.326296,1.75
444,Good,nh-white,0,1,3,-2,17.769464,31.246176,2
445,Poor,hispanic,1,0,4,-1.75,10.776464,13.73081,1.75
445,Very Good,hispanic,0,1,1,-1.75,21.153999,42.481331,1.75
446,Excellent,nh-white,1,1,5,-1.75,22.717253,51.774017,1.75
446,Excellent,nh-white,1,1,5,-1.75,20.821815,51.465523,1.75
448,Fair,nh-white,1,0,4,-.25,17.877747,19.741423,.25
448,Very Good,nh-white,0,1,2,-.5,18.953701,42.815495,.5
449,Very Good,nh-white,0,0,4,-.75,20.674673,42.573971,.75
449,Very Good,nh-white,0,0,4,-.75,18.872602,42.211159,.75
450,Very Good,nh-white,0,0,2,-.75,17.297665,42.229294,.75
450,Fair,nh-white,0,0,4,-2,13.499891,21.585451,2
451,Very Good,nh-white,1,1,4,-.25,22.99781,37.223022,.25
451,Very Good,nh-white,1,1,4,-1.25,17.819042,40.905842,1.25
452,Good,nh-white,0,1,3,-1.75,17.068302,31.515661,1.75
452,Good,nh-white,1,0,3,-1.25,18.470137,31.750578,1.25
454,Excellent,nh-white,1,0,3,-1.5,23.22179,53.282326,1.5
454,Good,nh-white,0,1,5,-1.25,16.944822,32.112343,1.25
455,Very Good,nh-asian,1,1,2,-1.25,20.900017,42.703125,1.25
455,Fair,nh-asian,1,1,4,-.75,16.533533,19.5693,.75
457,Good,nh-white,0,0,3,-1.5,20.898756,32.33279,1.5
457,Good,nh-white,0,0,3,-.75,15.684732,31.699194,.75
459,Very Good,nh-white,1,1,2,-.75,23.170969,40.672581,.75
459,Fair,nh-white,1,1,4,-1.75,17.623219,22.138798,1.75
460,Good,nh-white,1,1,3,-1.75,17.842775,37.209068,1.75
460,Good,nh-white,1,1,3,-.75,17.379581,31.552732,.75
461,Good,nh-white,1,1,4,-1.5,17.780701,31.697151,1.5
461,Very Good,nh-white,1,1,3,-1.5,18.47175,43.621941,1.5
462,Very Good,nh-white,0,0,4,-1,21.04401,43.826641,1
462,Very Good,nh-white,0,0,4,-.5,20.486227,42.86404,.5
463,Excellent,nh-white,0,0,5,-1.75,19.680584,52.462505,1.75
463,Excellent,nh-white,0,0,5,-1.75,21.577187,54.138569,1.75
464,Very Good,nh-white,1,1,4,-1,18.653252,46.761223,1
464,Very Good,nh-white,1,1,4,-2,19.041431,41.748177,2
465,Good,nh-white,0,0,4,-.5,13.165563,33.975899,.5
465,Very Good,nh-asian,0,0,3,-.75,19.335588,44.170048,.75
466,Excellent,nh-white,0,0,4,-1.5,22.736183,54.948837,1.5
466,Very Good,nh-white,0,0,5,-1.5,19.071453,43.593517,1.5
468,Very Good,nh-white,0,0,3,-.25,20.929148,42.031334,.25
468,Good,nh-white,0,0,4,-.25,18.43885,31.822575,.25
469,Very Good,nh-white,1,0,5,-1.5,20.596748,42.968079,1.5
469,Excellent,nh-white,0,1,4,-1.5,20.099764,52.745934,1.5
470,Very Good,nh-white,1,1,4,-1.75,20.98317,44.330017,1.75
470,Very Good,nh-white,1,1,4,-1.5,20.898331,45.186123,1.5
471,Good,nh-white,0,0,3,-1.75,18.248005,33.162434,1.75
471,Good,nh-white,0,0,3,-1.5,18.023489,35.875984,1.5
472,Good,nh-white,1,1,1,-.75,17.597775,34.746834,.75
472,Poor,nh-white,1,1,3,-.25,14.061986,12.130767,.25
474,Very Good,nh-white,1,0,4,-.75,19.09128,41.503597,.75
474,Very Good,hispanic,0,1,4,-1.5,21.285378,40.536865,1.5
475,Good,nh-white,1,1,4,-2,18.53392,35.131165,2
475,Very Good,nh-white,1,1,3,-2,20.575432,40.371399,2
476,Poor,nh-white,1,0,3,-1.25,11.9251,12.286519,1.25
476,Good,nh-white,0,1,1,-.75,16.459951,28.492971,.75
478,Very Good,nh-white,1,0,4,-1.5,18.551462,42.949783,1.5
478,Very Good,nh-white,0,1,4,-1.75,21.696262,44.210999,1.75
479,Very Good,nh-white,1,0,3,-2,19.436195,44.177986,2
479,Good,nh-white,0,1,4,-1,18.465305,30.467669,1
480,Good,nh-white,1,1,4,-1.25,17.788565,33.486195,1.25
480,Very Good,nh-white,1,1,3,-1.25,20.923868,41.39629,1.25
481,Very Good,nh-white,1,1,4,-1,19.16515,41.107796,1
481,Very Good,nh-white,1,1,4,-1.5,18.56745,42.288517,1.5
482,Excellent,nh-mixed,0,0,4,-1.5,23.443846,53.008961,1.5
482,Very Good,nh-white,0,0,5,-.75,19.526423,40.905758,.75
483,Good,nh-black,1,0,5,-1.75,15.835258,34.257256,1.75
483,Excellent,nh-black,0,1,3,-1.75,22.905708,53.707634,1.75
484,Excellent,nh-white,1,1,3,-.75,24.985674,52.960735,.75
484,Good,hispanic,1,1,5,-.25,16.523024,33.914753,.25
485,Good,nh-white,0,0,3,-1.75,16.917944,32.112789,1.75
485,Good,nh-white,0,0,3,0,17.162594,29.485842,0
486,Good,nh-white,0,0,3,-1,17.065361,32.028114,1
486,Good,nh-white,0,0,3,-1.25,16.123756,34.03846,1.25
488,Very Good,nh-white,0,0,3,-.75,18.956152,41.985962,.75
488,Good,nh-white,0,0,4,-1.5,19.968615,37.047348,1.5
489,Fair,hispanic,1,0,4,0,14.781451,22.190241,0
489,Very Good,hispanic,0,1,2,-.25,22.500616,42.544678,.25
490,Poor,nh-white,1,1,2,-1,13.813465,11.084896,1
490,Fair,nh-white,1,1,1,-2,13.37213,21.350376,2
494,Very Good,nh-white,1,0,5,-2,21.787882,43.668983,2
494,Excellent,hispanic,0,1,4,-1,20.288546,49.821568,1
495,Poor,nh-white,1,0,4,-.5,13.384997,9.8766079,.5
495,Very Good,nh-white,0,1,1,-.75,17.880035,43.490799,.75
496,Good,nh-white,1,0,2,-.75,16.571585,34.086292,.75
496,Fair,nh-white,0,1,3,-.75,13.854726,21.89978,.75
499,Fair,nh-white,1,0,4,-1.25,16.584356,24.246511,1.25
499,Very Good,nh-white,0,1,2,-1.5,20.918352,43.991997,1.5
500,Good,nh-white,1,0,4,-1.25,16.299709,30.861147,1.25
500,Very Good,nh-white,0,1,3,-1.25,21.123913,40.916252,1.25
501,Good,nh-white,1,1,4,-1.5,16.019886,30.688036,1.5
501,Very Good,nh-native american,1,1,3,-1.25,20.131107,42.02029,1.25
503,Good,nh-white,1,1,3,-1.75,14.671595,30.846582,1.75
503,Good,nh-white,1,1,3,-2,18.430803,32.566711,2
505,Excellent,nh-white,1,1,3,-1.5,23.242086,53.19257,1.5
505,Good,nh-white,1,1,5,-1.75,19.536798,33.444851,1.75
506,Very Good,nh-white,1,1,4,-.75,22.792191,42.654533,.75
506,Very Good,nh-white,1,1,4,-.25,19.678625,41.099884,.25
507,Good,hispanic,1,1,4,-.25,16.460011,35.244003,.25
507,Very Good,nh-black,1,1,3,-.25,20.616137,42.313366,.25
508,Good,nh-white,1,1,3,-1.25,17.720964,35.593166,1.25
508,Good,nh-white,1,1,3,0,19.659666,32.603519,0
510,Good,nh-white,1,0,2,-1.25,18.198605,31.901304,1.25
510,Fair,nh-white,0,1,3,-1,13.792253,24.621729,1
511,Very Good,nh-white,1,0,4,-1.75,20.612463,42.982475,1.75
511,Very Good,nh-asian,0,1,4,-2,22.87767,40.970131,2
512,Good,nh-white,1,1,2,-.5,18.168734,33.703529,.5
512,Fair,nh-white,1,1,3,-.5,13.727708,23.093142,.5
513,Poor,nh-white,1,0,4,-.5,12.323475,13.720051,.5
513,Very Good,nh-white,0,1,1,-.75,21.313728,40.703938,.75
516,Good,nh-white,1,1,4,-2,19.322908,32.081963,2
516,Very Good,nh-white,1,1,3,-1.75,19.275091,41.238304,1.75
517,Poor,nh-white,1,0,3,.25,13.146098,12.435519,-.25
517,Good,nh-white,0,1,1,1.5,17.440882,32.412655,-1.5
518,Good,nh-white,1,1,3,-1.5,16.717119,29.757761,1.5
518,Good,nh-white,1,1,3,.75,15.532244,32.888054,-.75
519,Very Good,nh-white,1,1,3,-1.5,18.795937,42.848003,1.5
519,Good,nh-white,1,1,4,-1.5,17.805099,32.598049,1.5
520,Fair,nh-white,1,1,3,-1.5,15.533395,26.441114,1.5
520,Good,nh-white,1,1,2,-1.25,18.865646,28.388153,1.25
522,Excellent,nh-white,1,1,3,-2,24.755716,53.582165,2
522,Good,nh-white,1,1,5,-2,15.234193,31.341372,2
523,Very Good,nh-white,1,1,3,-1.5,19.250179,40.534576,1.5
523,Good,nh-white,1,1,4,-1.25,16.403818,31.686855,1.25
525,Excellent,nh-white,1,1,4,-2,22.722797,49.123989,2
525,Very Good,nh-mixed,1,1,5,-.5,23.090811,42.524963,.5
527,Good,nh-white,1,0,4,-1.25,17.542164,33.200668,1.25
527,Very Good,nh-white,0,1,3,-1,19.939936,41.285805,1
528,Very Good,nh-white,1,0,3,-1.5,15.164876,41.834244,1.5
528,Good,nh-white,0,1,4,-1.25,17.689899,32.518482,1.25
530,Very Good,nh-white,1,0,5,-1.5,19.760159,41.698902,1.5
530,Excellent,nh-white,0,1,4,-1,22.275692,52.439217,1
532,Very Good,nh-white,1,0,5,-1.75,20.466022,42.221687,1.75
532,Excellent,nh-white,0,1,4,-1.25,22.653725,51.276405,1.25
534,Good,nh-white,1,0,2,-1.75,17.682175,30.463001,1.75
534,Fair,nh-white,0,1,3,-1.5,13.894291,21.767653,1.5
535,Fair,nh-white,1,1,2,-1,13.902391,21.627716,1
535,Fair,nh-white,1,1,2,-1.75,14.88318,23.573389,1.75
536,Good,nh-white,0,0,3,-1.25,20.56636,32.725105,1.25
536,Good,nh-white,0,0,3,-1.75,16.945808,32.934536,1.75
537,Very Good,nh-white,1,1,4,-2,18.481279,41.200573,2
537,Very Good,nh-white,1,1,4,-2,23.023722,43.318069,2
538,Excellent,nh-white,1,1,4,-2,20.37961,52.17918,2
538,Very Good,nh-white,1,1,5,-2,16.135529,41.287575,2
540,Excellent,nh-white,0,0,4,-1.5,26.404905,52.179211,1.5
540,Very Good,nh-white,0,0,5,-2,21.786373,42.371426,2
541,Very Good,nh-white,1,1,4,-1.75,20.371025,41.888214,1.75
541,Very Good,nh-white,1,1,4,-2,20.752094,42.631844,2
542,Very Good,nh-white,1,1,3,-2,20.083307,42.087856,2
542,Good,nh-white,1,1,4,-2,17.122217,33.630722,2
544,Excellent,nh-asian,1,1,5,-.75,22.987473,52.185162,.75
544,Excellent,nh-white,1,1,5,-1.75,20.075823,53.324863,1.75
546,Very Good,nh-white,0,0,5,-2,23.663792,41.877228,2
546,Excellent,nh-white,0,0,4,-1.5,20.899334,49.623119,1.5
548,Very Good,nh-white,1,1,3,-1,20.267,41.895451,1
548,Good,nh-white,1,1,4,-2,18.968964,34.19809,2
549,Very Good,nh-white,1,1,2,-1.25,19.991812,41.646946,1.25
549,Fair,nh-white,1,1,4,-.25,13.039078,20.897799,.25
550,Very Good,nh-white,0,0,3,-1.75,18.788181,40.600883,1.75
550,Good,nh-white,0,0,4,-1.25,18.015493,32.573181,1.25
551,Excellent,nh-asian,1,1,3,-1.5,23.663055,51.995911,1.5
551,Good,nh-mixed,1,1,5,-1.75,18.165989,34.253761,1.75
552,Excellent,nh-white,1,1,4,-1.25,23.975269,54.268219,1.25
552,Very Good,nh-white,1,1,5,-1.5,19.674587,42.647396,1.5
553,Good,nh-white,1,1,3,-2,20.090059,29.188774,2
553,Good,nh-white,1,1,3,-2,19.617079,31.551212,2
554,Poor,nh-white,1,0,3,-1.5,8.9335632,12.726357,1.5
554,Good,nh-white,0,1,1,-.5,14.296806,31.207439,.5
555,Very Good,nh-white,0,1,3,-1.75,19.99695,43.225136,1.75
555,Good,nh-mixed,1,0,4,-2,17.628916,30.917763,2
556,Very Good,nh-white,1,0,3,-.75,19.637508,43.518997,.75
556,Good,nh-white,0,1,4,-.5,14.822664,31.179968,.5
557,Good,nh-white,1,0,5,-1.5,17.885311,31.115471,1.5
557,Excellent,nh-white,0,1,3,-2,22.271261,51.75843,2
559,Excellent,nh-mixed,0,1,4,-2,23.52533,52.483086,2
559,Very Good,nh-white,1,0,5,-1.25,19.461695,46.149399,1.25
561,Very Good,nh-white,0,0,5,-2,20.083355,42.572495,2
561,Excellent,nh-white,0,0,4,-1.5,24.650795,52.007797,1.5
562,Good,nh-asian,0,0,4,-1,14.703688,29.807983,1
562,Very Good,nh-white,0,0,3,-.25,18.463583,42.773247,.25
564,Excellent,nh-white,0,0,4,-1,24.060013,56.538933,1
564,Very Good,nh-white,0,0,5,-1,19.158968,43.674858,1
566,Excellent,nh-white,1,0,3,-1.75,24.436407,52.302216,1.75
566,Good,nh-white,0,1,5,-.75,19.842258,31.076702,.75
567,Very Good,hispanic,0,0,3,-1.5,19.752897,42.431587,1.5
567,Good,nh-white,0,0,4,-.75,18.10672,34.278152,.75
568,Excellent,nh-white,0,0,4,-1.25,20.531736,50.828037,1.25
568,Very Good,nh-white,0,0,5,-1.25,20.587196,43.670467,1.25
569,Good,nh-white,0,0,4,-1,17.604502,31.066278,1
569,Very Good,nh-white,0,0,3,-.75,22.311184,42.734165,.75
570,Poor,nh-other,1,1,2,-.75,10.957849,12.732571,.75
570,Fair,nh-white,1,1,1,0,16.411495,23.479307,0
572,Good,nh-white,0,1,4,-1,17.318136,31.129866,1
572,Very Good,nh-white,1,0,3,-1.25,21.326757,41.203583,1.25
573,Very Good,nh-white,1,1,3,-2,21.018669,44.314819,2
573,Good,nh-white,1,1,4,-.75,20.065796,33.426388,.75
574,Good,nh-mixed,1,0,3,-2,17.304939,31.566067,2
574,Good,nh-white,0,1,3,-1.75,16.928686,32.443943,1.75
575,Very Good,nh-white,1,1,3,-1.5,18.441689,39.407543,1.5
575,Good,nh-white,1,1,4,0,18.001072,32.21521,0
576,Good,nh-other,1,1,4,.5,14.692554,34.917095,-.5
576,Very Good,nh-black,1,1,3,.25,20.800386,42.592617,-.25
577,Very Good,nh-white,0,0,3,0,19.349607,43.025928,0
577,Good,hispanic,0,0,4,-1,18.624577,32.011845,1
579,Very Good,nh-white,1,1,2,-1.75,19.408524,44.375065,1.75
579,Fair,nh-white,1,1,4,-.75,14.840704,23.813656,.75
581,Fair,nh-white,1,0,1,.25,14.236899,23.425337,-.25
581,Poor,nh-white,0,1,2,-.5,12.81349,11.592628,.5
582,Very Good,nh-black,1,1,3,-1.5,21.911154,40.654278,1.5
582,Good,nh-black,1,1,4,-.5,16.931763,32.521782,.5
584,Good,nh-black,0,1,3,-1.5,17.888985,33.686478,1.5
584,Good,nh-other,1,0,3,-1,14.664479,31.6618,1
585,Good,nh-white,1,0,2,2,19.757156,31.606052,-2
585,Fair,nh-white,0,1,3,.25,16.045099,22.681395,-.25
586,Good,nh-white,0,1,3,-1.25,17.347088,32.35014,1.25
586,Good,nh-white,1,0,3,-2,18.094261,33.782635,2
587,Very Good,nh-white,0,0,4,-1.75,18.367161,44.525364,1.75
587,Very Good,nh-white,0,0,4,-1.75,20.728304,40.339355,1.75
588,Fair,nh-white,1,0,3,-1.75,15.545869,22.729534,1.75
588,Good,nh-white,0,1,2,-1.75,19.549997,34.537853,1.75
589,Poor,nh-white,1,1,4,-.75,14.366719,13.874992,.75
589,Very Good,nh-white,1,1,1,-1.25,21.605616,43.689316,1.25
590,Good,hispanic,1,1,3,-2,14.161785,31.693737,2
590,Good,nh-white,1,1,3,-2,16.288591,31.416191,2
593,Very Good,nh-white,1,1,5,-.5,18.727699,45.13216,.5
593,Excellent,nh-white,1,1,4,-.75,21.096815,57.156128,.75
594,Fair,nh-white,0,1,5,-1.25,13.449575,22.208662,1.25
594,Excellent,nh-asian,1,0,2,-1.75,23.856514,53.079758,1.75
597,Very Good,nh-white,1,1,3,-1,21.068766,41.706955,1
597,Good,nh-white,1,1,4,.25,16.848484,35.245007,-.25
598,Very Good,nh-asian,1,0,4,-1,20.319752,44.380665,1
598,Very Good,nh-white,0,1,4,-1.5,22.358414,44.303356,1.5
600,Good,nh-white,1,0,2,-1.5,20.690685,29.710884,1.5
600,Fair,nh-white,0,1,3,-1.75,12.641858,23.237997,1.75
601,Very Good,nh-white,1,1,3,-1.25,19.039564,44.469814,1.25
601,Good,nh-white,1,1,4,-2,17.067141,29.563282,2
602,Very Good,nh-white,1,1,4,-2,21.824158,42.414925,2
602,Very Good,nh-white,1,1,4,-1.5,22.790344,40.668446,1.5
603,Very Good,nh-white,1,1,2,-1.5,19.392317,44.019245,1.5
603,Fair,nh-white,1,1,4,-1.25,15.437211,21.992199,1.25
604,Excellent,nh-white,0,1,4,-1.5,21.639717,51.6026,1.5
604,Very Good,nh-white,1,0,5,-1.5,21.080551,44.598457,1.5
605,Good,nh-white,1,1,5,-2,19.540993,31.372465,2
605,Excellent,nh-white,1,1,3,-2,25.634699,54.773239,2
606,Excellent,nh-white,1,1,4,-1.25,21.569742,54.02615,1.25
606,Very Good,nh-black,1,1,5,0,20.320206,41.893055,0
609,Very Good,nh-white,0,0,4,-2,21.940691,42.809757,2
609,Very Good,nh-white,0,0,4,-2,18.827036,43.101643,2
611,Good,nh-white,0,1,4,.75,16.719393,30.93033,-.75
611,Very Good,nh-white,1,0,3,.75,16.935022,43.472168,-.75
612,Excellent,hispanic,0,1,4,-1.5,22.608047,50.443001,1.5
612,Very Good,nh-white,1,0,5,-1.25,22.496286,40.94215,1.25
614,Good,nh-white,1,1,3,-.75,18.622498,29.530222,.75
614,Good,nh-white,1,1,3,-1.75,17.889311,33.092636,1.75
615,Good,nh-white,1,1,3,-1.5,18.599812,31.158264,1.5
615,Good,nh-white,1,1,3,.25,17.494959,36.278461,-.25
616,Very Good,nh-white,1,1,3,-1.75,22.677076,42.235588,1.75
616,Good,nh-white,1,1,4,-2,17.765303,34.333298,2
618,Very Good,nh-white,1,0,3,-1,19.428284,41.329212,1
618,Good,nh-white,0,1,4,-1.25,15.283265,31.28508,1.25
621,Very Good,nh-white,1,1,4,-1.5,19.232048,42.608627,1.5
621,Very Good,nh-mixed,1,1,4,-1.5,20.459822,41.5555,1.5
622,Good,hispanic,1,1,4,-1.75,17.801416,34.409569,1.75
622,Very Good,nh-white,1,1,3,-.75,21.906509,42.349762,.75
623,Good,nh-white,0,0,5,-.75,17.519581,33.179897,.75
623,Excellent,nh-white,0,0,3,-1.75,23.210451,53.152168,1.75
624,Good,nh-white,1,1,3,-.25,16.762627,31.911667,.25
624,Good,nh-black,1,1,3,0,16.985346,31.761953,0
625,Good,nh-white,0,0,4,-1.25,16.235847,30.258108,1.25
625,Very Good,nh-white,0,0,3,-1,21.497763,42.811901,1
626,Very Good,nh-white,1,1,2,-1.75,19.208324,42.603321,1.75
626,Fair,nh-white,1,1,4,-1,15.647252,23.252621,1
627,Good,nh-white,1,1,2,-1.5,17.065331,31.284698,1.5
627,Fair,nh-white,1,1,3,-1.5,16.01413,22.770369,1.5
628,Good,nh-white,0,0,5,-1.5,15.887921,31.959711,1.5
628,Excellent,nh-white,0,0,3,-1,23.12484,54.635464,1
629,Good,nh-white,0,0,4,-2,16.625111,30.051121,2
629,Very Good,nh-white,0,0,3,-2,20.959351,46.002457,2
630,Excellent,nh-white,1,1,5,-.5,23.800642,51.634655,.5
630,Excellent,nh-white,1,1,5,.25,23.601336,53.412998,-.25
631,Fair,nh-white,0,0,4,-1.5,16.980051,20.6409,1.5
631,Very Good,nh-white,0,0,2,.25,22.389763,44.751667,-.25
633,Good,nh-white,1,1,3,-1.75,16.988411,33.292725,1.75
633,Good,nh-white,1,1,3,-1.5,17.905666,33.729652,1.5
636,Excellent,nh-white,1,1,4,-2,22.865479,52.076725,2
636,Very Good,nh-white,1,1,5,-1.75,19.379025,42.457485,1.75
637,Good,nh-white,1,1,4,-1,18.903351,32.786598,1
637,Very Good,nh-white,1,1,3,-1.5,19.77412,40.250038,1.5
638,Very Good,nh-white,0,0,4,-2,22.147774,43.496296,2
638,Very Good,nh-mixed,0,0,4,-2,20.537231,43.565521,2
639,Very Good,nh-white,1,1,5,-1.5,21.728552,43.264439,1.5
639,Excellent,nh-white,1,1,4,-1.75,23.393959,51.804386,1.75
641,Very Good,nh-white,0,0,5,-1.75,21.827578,43.922005,1.75
641,Excellent,nh-white,0,0,4,-1.75,24.176466,54.631176,1.75
642,Fair,nh-white,1,1,4,-.75,13.618769,21.348217,.75
642,Very Good,nh-white,1,1,2,-1,20.765505,43.727318,1
643,Good,nh-white,0,0,4,-.25,17.628935,32.219669,.25
643,Very Good,nh-white,0,0,3,-1.25,20.629143,41.583687,1.25
644,Excellent,nh-white,1,1,4,-1.5,24.414267,50.896065,1.5
644,Very Good,nh-white,1,1,5,-1.75,19.319746,42.805595,1.75
645,Good,nh-black,0,0,3,-1,18.855701,31.967186,1
645,Good,nh-white,0,0,3,-.5,15.853758,34.378342,.5
646,Fair,nh-white,1,0,2,0,13.897413,23.174583,0
646,Fair,nh-white,0,1,2,0,14.200685,23.604818,0
647,Very Good,nh-white,0,0,4,-1.25,20.369236,42.014824,1.25
647,Very Good,nh-white,0,0,4,-1.5,18.824831,40.687424,1.5
648,Poor,hispanic,1,1,5,-1.25,10.398973,12.872103,1.25
648,Excellent,nh-black,1,1,1,-1.75,24.688662,50.37677,1.75
649,Very Good,nh-white,0,1,4,0,20.556786,42.08305,0
649,Very Good,nh-white,1,0,4,-.75,19.634512,42.224609,.75
651,Fair,nh-white,1,1,2,-.75,12.423514,22.690931,.75
651,Fair,nh-white,1,1,2,-.75,16.028332,24.856045,.75
652,Excellent,nh-white,1,1,4,-2,21.297497,53.793713,2
652,Very Good,nh-white,1,1,5,-1.5,19.555786,40.987003,1.5
653,Fair,nh-white,1,0,3,.5,14.336793,22.247993,-.5
653,Good,nh-white,0,1,2,-1.25,17.393368,30.7854,1.25
654,Very Good,nh-white,1,1,4,-1.5,19.065071,40.803928,1.5
654,Very Good,nh-white,1,1,4,-.25,18.908751,42.143158,.25
656,Good,nh-white,1,1,4,-1.25,18.753771,33.033192,1.25
656,Very Good,nh-white,1,1,3,-.75,19.522917,39.130478,.75
657,Good,nh-white,1,1,4,0,17.179556,32.97398,0
657,Very Good,nh-white,1,1,3,-.5,18.772562,44.264076,.5
658,Very Good,nh-black,1,1,3,1,18.3015,42.486477,-1
658,Good,nh-white,1,1,4,.25,18.629478,34.151867,-.25
660,Good,nh-white,1,1,3,-2,15.405637,31.260593,2
660,Good,nh-white,1,1,3,-2,18.054771,33.6591,2
661,Fair,nh-white,1,0,4,-2,13.818917,22.487251,2
661,Very Good,nh-white,0,1,2,-1.5,23.168514,42.212547,1.5
662,Excellent,nh-white,0,0,4,-2,22.440323,51.541626,2
662,Very Good,nh-white,0,0,5,-1.75,22.745541,42.371525,1.75
663,Fair,nh-white,1,1,3,.25,16.916885,18.194435,-.25
663,Good,nh-white,1,1,2,-.5,17.632996,34.800381,.5
664,Good,nh-white,1,0,3,-.5,17.172125,33.483265,.5
664,Good,nh-white,0,1,3,.25,19.418427,32.490055,-.25
666,Excellent,nh-white,1,1,4,-1.5,24.998068,49.475922,1.5
666,Very Good,nh-white,1,1,5,-1.5,21.22204,42.715389,1.5
667,Good,nh-white,1,0,4,-.5,16.741585,35.194023,.5
667,Very Good,nh-white,0,1,3,.25,20.982624,46.303265,-.25
670,Very Good,nh-white,1,1,4,-.75,18.783457,39.715996,.75
670,Very Good,nh-white,1,1,4,-1.5,20.756395,42.279102,1.5
672,Very Good,nh-white,1,0,5,-.75,19.081469,41.630154,.75
672,Excellent,nh-white,0,1,4,-1.25,20.541368,50.861835,1.25
673,Very Good,nh-black,1,0,4,-1,19.55335,43.734852,1
673,Very Good,nh-black,0,1,4,-2,17.86389,43.390316,2
674,Excellent,nh-white,0,0,4,-.75,21.293171,54.249435,.75
674,Very Good,nh-white,0,0,5,-1.75,24.184536,42.809055,1.75
676,Good,nh-other,0,0,3,-1.5,17.04813,33.772137,1.5
676,Good,nh-white,0,0,3,-.25,21.17396,33.132263,.25
677,Excellent,nh-white,0,0,4,-.75,24.996149,53.342533,.75
677,Very Good,nh-white,0,0,5,-1.75,18.49205,44.066204,1.75
678,Good,nh-white,1,1,3,-1,18.861076,30.083559,1
678,Good,nh-white,1,1,3,-1.25,16.31601,32.159996,1.25
679,Very Good,nh-white,1,1,3,-1.25,22.306562,44.437305,1.25
679,Good,nh-white,1,1,4,-1.25,18.260902,30.967396,1.25
680,Good,nh-white,1,1,4,-1.75,18.336229,34.642002,1.75
680,Very Good,nh-white,1,1,3,-1.75,19.800379,41.599525,1.75
681,Fair,nh-white,1,0,3,-1.5,15.905046,23.194138,1.5
681,Good,nh-white,0,1,2,-1.25,19.84646,31.70347,1.25
684,Fair,nh-white,1,0,2,-1.5,14.648389,23.873625,1.5
684,Fair,nh-white,0,1,2,-.75,16.216232,23.287163,.75
687,Very Good,nh-white,1,1,3,-1,22.469479,43.59771,1
687,Good,nh-white,1,1,4,-.75,17.285509,30.584433,.75
688,Very Good,hispanic,1,0,4,-1.75,20.470003,41.954571,1.75
688,Very Good,nh-black,0,1,4,-1.75,17.819944,42.7523,1.75
690,Excellent,nh-white,0,0,4,-1.75,22.798439,52.169144,1.75
690,Very Good,nh-white,0,0,5,-2,20.197195,43.192299,2
692,Very Good,nh-white,1,1,3,-.5,20.795275,42.035721,.5
692,Good,nh-white,1,1,4,0,17.546234,32.172012,0
693,Very Good,nh-white,0,0,4,-1.75,21.680834,42.418999,1.75
693,Very Good,nh-white,0,0,4,-1.75,20.88084,41.414246,1.75
694,Fair,nh-other,1,0,3,-.5,14.352402,20.730061,.5
694,Good,nh-black,0,1,2,-.25,16.510359,32.829548,.25
696,Fair,nh-white,1,1,3,-1,14.582999,23.173094,1
696,Good,nh-other,1,1,2,.75,15.672422,31.559858,-.75
697,Very Good,nh-white,1,1,5,0,21.67837,42.072689,0
697,Excellent,nh-white,1,1,4,-.5,21.06341,50.930477,.5
698,Very Good,nh-white,0,0,5,-1.75,19.915131,44.74509,1.75
698,Excellent,nh-white,0,0,4,-.75,25.130262,53.343891,.75
700,Very Good,nh-white,1,1,4,-.75,18.841448,44.517216,.75
700,Very Good,nh-white,1,1,4,-.5,19.405451,40.546642,.5
701,Good,nh-black,1,0,4,-1.5,14.469168,31.554762,1.5
701,Very Good,nh-black,0,1,3,-1.25,19.688478,43.989056,1.25
702,Very Good,nh-white,0,0,5,-1.25,19.700239,42.981136,1.25
702,Excellent,nh-white,0,0,4,-1,22.881941,53.848755,1
703,Excellent,nh-white,0,0,5,-.5,23.16342,51.34042,.5
703,Excellent,nh-white,0,0,5,-1,22.047897,50.57037,1
704,Very Good,nh-white,1,1,2,-2,19.334515,42.039822,2
704,Fair,nh-black,1,1,4,0,13.594485,22.520229,0
707,Excellent,nh-white,1,1,4,-.75,21.676241,52.631649,.75
707,Very Good,nh-white,1,1,5,-1.75,19.330519,41.004524,1.75
708,Very Good,nh-white,1,1,5,-1.75,18.574318,42.184238,1.75
708,Excellent,nh-white,1,1,4,-.5,21.875357,52.8708,.5
709,Good,nh-white,1,1,2,-1.75,16.904657,33.198883,1.75
709,Fair,nh-white,1,1,3,-.75,14.067437,22.588091,.75
710,Good,hispanic,0,1,2,-.5,15.449769,33.245686,.5
710,Fair,hispanic,1,0,3,0,14.07063,23.228024,0
712,Good,nh-white,1,1,2,-1.75,17.473598,30.942392,1.75
712,Fair,nh-white,1,1,3,-.5,17.207346,23.996038,.5
713,Excellent,nh-white,1,1,3,-1.75,23.638323,53.308899,1.75
713,Good,nh-white,1,1,5,-1.75,18.479534,33.043621,1.75
714,Very Good,nh-white,1,1,4,-1.5,18.817968,42.879646,1.5
714,Very Good,nh-white,1,1,4,-2,20.669727,43.634815,2
717,Good,nh-white,0,0,4,-1.75,14.139614,35.335381,1.75
717,Very Good,nh-white,0,0,3,-1.5,18.451187,43.019833,1.5
719,Good,nh-white,0,1,3,-.25,18.981855,31.834438,.25
719,Good,nh-white,1,0,3,-.75,17.872377,32.335808,.75
720,Very Good,nh-white,0,0,3,-1,17.764011,41.241711,1
720,Good,nh-white,0,0,4,-1.5,16.828999,33.100487,1.5
722,Excellent,nh-white,1,1,3,-1,23.398884,52.443043,1
722,Good,nh-white,1,1,5,-1,15.064211,32.215351,1
724,Fair,nh-white,1,0,2,-.5,17.087105,21.33316,.5
724,Fair,nh-white,0,1,2,.5,15.620367,22.775921,-.5
725,Very Good,nh-white,1,0,1,.25,23.438026,44.209408,-.25
725,Poor,hispanic,0,1,4,0,13.283802,13.684663,0
726,Very Good,nh-white,1,1,4,-1.5,19.873138,42.585735,1.5
726,Very Good,nh-white,1,1,4,0,20.236734,44.093395,0
727,Very Good,nh-white,1,1,4,-1.75,22.231932,43.37822,1.75
727,Very Good,nh-white,1,1,4,-1,17.486059,43.551582,1
728,Very Good,nh-white,1,1,4,-1.5,19.509754,43.478905,1.5
728,Very Good,nh-white,1,1,4,-1.25,18.220251,38.576256,1.25
730,Good,nh-white,1,0,3,-.5,19.172354,34.901421,.5
730,Good,nh-white,0,1,3,-1.5,16.318665,32.822353,1.5
732,Very Good,nh-white,1,0,3,-1.25,20.949631,43.277294,1.25
732,Good,nh-white,0,1,4,-1,15.321761,32.039776,1
733,Very Good,nh-white,0,0,5,-2,19.639364,42.947147,2
733,Excellent,nh-white,0,0,4,-.5,21.719248,54.558884,.5
734,Very Good,nh-black,1,0,4,-.75,20.927822,42.179321,.75
734,Very Good,nh-white,0,1,4,.5,21.065855,40.23106,-.5
735,Very Good,nh-white,1,1,4,-1.5,20.798096,43.506996,1.5
735,Very Good,nh-white,1,1,4,-1.75,20.950296,45.099796,1.75
736,Very Good,nh-white,1,0,5,-1,22.029387,41.70443,1
736,Excellent,nh-white,0,1,4,0,23.215845,52.233051,0
738,Good,nh-white,1,0,2,-.75,16.956734,34.447002,.75
738,Fair,nh-white,0,1,3,-2,13.964889,22.418995,2
740,Fair,nh-other,1,0,3,-1.75,16.156832,22.249121,1.75
740,Good,nh-white,0,1,2,-.25,16.238605,31.739256,.25
742,Good,nh-white,1,0,4,-1.25,17.086708,35.568962,1.25
742,Very Good,nh-white,0,1,3,-1.25,20.378983,43.038868,1.25
744,Very Good,nh-white,1,0,3,-2,20.55423,41.355408,2
744,Good,nh-white,0,1,4,-1.75,15.266556,32.128235,1.75
745,Very Good,nh-white,1,1,4,-2,20.452118,43.511326,2
745,Very Good,nh-white,1,1,4,0,19.941923,43.486855,0
746,Fair,nh-white,1,0,1,-1.75,13.66494,26.225325,1.75
746,Poor,nh-white,0,1,2,-1.75,14.802126,10.902319,1.75
747,Very Good,nh-white,1,1,4,-2,21.763456,42.632126,2
747,Very Good,nh-white,1,1,4,-1.75,20.653988,43.293381,1.75
748,Good,nh-white,1,0,3,-1.5,16.495155,32.155548,1.5
748,Good,nh-white,0,1,3,-1,16.657776,33.292255,1
749,Good,nh-white,1,0,3,-2,18.19062,32.62957,2
749,Good,nh-black,0,1,3,-1.25,18.712391,33.113987,1.25
750,Very Good,nh-white,1,1,3,-2,19.384119,42.989487,2
750,Good,nh-white,1,1,4,-.75,18.969265,34.91349,.75
751,Good,hispanic,1,0,4,-1.75,17.388735,33.965439,1.75
751,Very Good,nh-white,0,1,3,0,20.591944,41.058361,0
752,Good,nh-white,1,0,3,-1.5,16.863106,31.825638,1.5
752,Good,nh-white,0,1,3,-.25,17.55979,34.665337,.25
753,Excellent,nh-white,0,0,4,-1,21.647345,52.361198,1
753,Very Good,nh-white,0,0,5,-1.75,21.438097,41.726631,1.75
754,Very Good,nh-black,1,0,5,-2,19.735554,42.029587,2
754,Excellent,nh-white,0,1,4,-1.25,23.866327,53.28418,1.25
755,Good,nh-white,0,1,5,-.75,17.956968,32.555061,.75
755,Excellent,nh-white,1,0,3,-2,22.689678,53.070839,2
756,Very Good,nh-white,1,0,3,-.5,19.592415,40.66901,.5
756,Good,nh-white,0,1,4,0,16.695297,30.495583,0
760,Good,nh-white,1,0,3,-.75,16.475931,31.705046,.75
760,Good,nh-white,0,1,3,-1,18.433485,31.17601,1
765,Excellent,nh-white,1,0,3,-.75,24.093781,52.451591,.75
765,Good,nh-white,0,1,5,-1,15.763753,36.008747,1
766,Very Good,nh-white,0,0,3,-1,17.760584,44.191307,1
766,Good,nh-white,0,0,4,-1.5,16.554693,32.132557,1.5
767,Very Good,hispanic,1,0,4,0,21.47822,41.789059,0
767,Very Good,nh-white,0,1,4,-1.5,18.354321,42.369488,1.5
768,Very Good,nh-white,1,1,1,-1.75,20.565348,42.934044,1.75
768,Poor,nh-white,1,1,4,-1.75,10.009279,13.24386,1.75
769,Very Good,nh-white,0,0,5,.5,19.920706,44.729553,-.5
769,Excellent,hispanic,0,0,4,-1,19.859451,51.627174,1
770,Very Good,nh-black,0,1,4,-1.5,21.743801,42.011726,1.5
770,Very Good,nh-white,1,0,4,-1.25,22.819838,41.331623,1.25
771,Very Good,nh-mixed,0,0,3,-2,19.001257,41.792072,2
771,Good,nh-white,0,0,4,-1.5,19.566643,34.265945,1.5
772,Excellent,nh-white,0,0,5,-1.75,23.864388,54.206825,1.75
772,Excellent,nh-white,0,0,5,-1.75,21.189539,54.614891,1.75
773,Good,nh-asian,0,1,1,-.5,17.335043,31.246225,.5
773,Poor,nh-asian,1,0,3,0,14.35214,13.765436,0
774,Very Good,nh-white,1,0,3,-1,21.844231,42.951923,1
774,Good,nh-asian,0,1,4,-.75,17.515236,32.375118,.75
776,Good,nh-white,1,1,2,-1.25,17.748619,32.23568,1.25
776,Fair,nh-white,1,1,3,-1.5,15.387153,22.495321,1.5
777,Very Good,nh-asian,1,0,2,-1.5,18.61729,42.76984,1.5
777,Fair,nh-white,0,1,4,-1,16.096581,20.57567,1
