cid,rhealth,raceth,fem,pfem,sprhealth,marstrain,simx,simy,marhappy
101,Good,nh-white,1,1,3,-1,18.236151,4.8414683,1
101,Good,nh-white,1,1,3,-1.75,15.392377,1.7296225,1.75
103,Very Good,nh-white,1,1,4,-1,19.693924,2.8080432,1
103,Very Good,nh-white,1,1,4,-1.5,23.164589,3.8655336,1.5
106,Excellent,nh-white,1,1,5,-1.25,23.169117,4.5993471,1.25
106,Excellent,nh-white,1,1,5,-1.25,22.015219,5.2885685,1.25
114,Very Good,nh-white,0,0,4,-2,21.139137,5.90207,2
114,Very Good,nh-white,0,0,4,-2,18.114214,1.9470401,2
120,Excellent,nh-white,0,0,4,-1.75,21.428301,4.5442543,1.75
120,Very Good,nh-white,0,0,5,-1.75,20.176294,5.3136649,1.75
124,Good,nh-white,1,1,3,-1.75,17.009733,3.4550946,1.75
124,Good,nh-white,1,1,3,-1.5,15.679259,3.9597545,1.5
126,Good,nh-black,1,1,3,-1,17.486769,3.158381,1
126,Good,nh-white,1,1,3,-1,19.940001,2.1226201,1
145,Good,nh-white,0,1,5,-.5,15.555373,4.7894063,.5
145,Excellent,nh-white,1,0,3,-.5,24.078081,6.4431267,.5
146,Excellent,nh-white,1,0,5,-1.75,23.987835,4.0120931,1.75
146,Excellent,nh-white,0,1,5,-2,22.789711,4.1276884,2
150,Good,nh-white,0,1,1,-1,17.45323,1.1830784,1
150,Poor,nh-white,1,0,3,-1.75,12.157454,2.3233373,1.75
152,Excellent,nh-white,1,0,3,-.25,21.287409,6.5278258,.25
152,Good,nh-white,0,1,5,.5,19.131475,1.4131458,-.5
164,Good,hispanic,0,0,3,-1.5,17.951506,-.50298923,1.5
164,Good,nh-white,0,0,3,-.75,14.85032,1.8528333,.75
165,Good,nh-white,1,1,5,-1.75,16.508076,5.0126886,1.75
165,Excellent,nh-white,1,1,3,-2,22.878,3.9029388,2
167,Good,nh-white,1,0,5,-1.25,18.574856,3.3983531,1.25
167,Excellent,nh-white,0,1,3,-1.75,21.799612,5.8164663,1.75
169,Very Good,nh-white,1,1,5,-1.5,20.654383,1.5366199,1.5
169,Excellent,nh-white,1,1,4,-.5,24.055977,1.7894382,.5
170,Good,nh-white,0,0,5,-1.25,16.03928,3.8587289,1.25
170,Excellent,nh-white,0,0,3,-.5,23.375582,5.2807441,.5
171,Good,nh-white,0,0,3,-.25,16.229305,2.7206197,.25
171,Good,nh-white,0,0,3,-1.5,16.752008,3.5935647,1.5
172,Very Good,nh-white,0,0,5,-1.75,23.00169,3.2642624,1.75
172,Excellent,nh-asian,0,0,4,-2,21.766279,6.2659945,2
173,Poor,nh-white,1,1,3,.25,9.6768389,.29439342,-.25
173,Good,nh-white,1,1,1,-2,17.000807,4.2387252,2
174,Good,nh-white,0,0,3,-1.25,15.582093,4.0072122,1.25
174,Good,hispanic,0,0,3,-.25,19.589109,4.5386624,.25
175,Excellent,hispanic,1,1,4,-1.75,20.654669,6.0213313,1.75
175,Very Good,nh-white,1,1,5,-1.75,19.97917,4.0820475,1.75
176,Very Good,nh-asian,0,0,5,-1.75,21.299551,3.6919429,1.75
176,Excellent,nh-white,0,0,4,-1.25,23.926832,6.6567726,1.25
177,Good,nh-white,0,0,3,1,16.240458,.81019169,-1
177,Good,nh-white,0,0,3,-1,17.067736,2.992758,1
179,Good,nh-white,0,0,4,-2,17.803829,2.1853344,2
179,Very Good,nh-white,0,0,3,-1.75,21.773647,3.7691164,1.75
180,Good,nh-white,0,0,4,-1,17.345774,2.2234547,1
180,Very Good,nh-white,0,0,3,-1.25,20.120552,3.6565115,1.25
181,Good,nh-white,1,1,3,-1.75,17.369308,-1.3059499,1.75
181,Good,nh-white,1,1,3,-1.75,10.593096,5.652668,1.75
182,Very Good,nh-white,1,1,4,-1.25,18.152782,4.9018126,1.25
182,Very Good,nh-white,1,1,4,-.5,18.993092,1.9034891,.5
183,Excellent,nh-white,1,1,4,-1.75,22.073666,5.1422482,1.75
183,Very Good,nh-white,1,1,5,-1.5,21.476624,1.7324765,1.5
184,Very Good,nh-white,0,0,3,-.75,22.972281,3.0463502,.75
184,Good,nh-white,0,0,4,-.75,20.124121,2.5711064,.75
185,Fair,nh-mixed,0,0,4,-.25,14.047611,3.8998113,.25
185,Very Good,nh-white,0,0,2,-1,20.708408,5.0702772,1
186,Very Good,nh-white,1,1,3,-.5,20.355171,5.2153006,.5
186,Good,nh-other,1,1,4,-1.5,16.623461,1.0859159,1.5
187,Poor,nh-white,0,0,3,-1,12.138889,2.9792342,1
187,Good,nh-mixed,0,0,1,0,18.531183,.92394853,0
188,Good,nh-white,0,0,3,-.5,16.863136,4.3513346,.5
188,Good,nh-white,0,0,3,-1.25,18.805866,4.7535386,1.25
189,Very Good,nh-white,1,1,4,-1.25,21.075182,4.6732388,1.25
189,Very Good,nh-white,1,1,4,-1,21.087019,6.4139419,1
190,Very Good,nh-asian,0,0,4,-1.75,21.412451,2.2041667,1.75
190,Very Good,nh-white,0,0,4,-1.25,17.94828,4.3620048,1.25
191,Fair,nh-white,0,0,2,-1,16.027153,2.9638486,1
191,Fair,nh-white,0,0,2,0,16.491077,2.6692083,0
192,Very Good,nh-white,0,0,2,-1.75,19.123775,3.2253067,1.75
192,Fair,nh-white,0,0,4,-1,13.985247,1.9210595,1
193,Excellent,nh-white,1,1,3,-.75,23.849125,3.4655929,.75
193,Good,nh-white,1,1,5,-.75,16.247412,2.1666651,.75
194,Good,nh-white,1,1,3,-2,16.707689,7.2117586,2
194,Good,nh-white,1,1,3,-1.75,18.802975,2.1843076,1.75
195,Very Good,nh-white,0,0,2,-1.25,19.437002,5.5719285,1.25
195,Fair,nh-white,0,0,4,-1.25,16.790022,.68886471,1.25
196,Excellent,nh-asian,0,0,4,-1,21.839672,5.9265537,1
196,Very Good,nh-white,0,0,5,.25,18.928223,5.1782179,-.25
197,Excellent,nh-white,0,0,4,-2,22.825613,4.1402564,2
197,Very Good,nh-white,0,0,5,-2,19.989073,4.1523933,2
198,Good,nh-white,1,1,5,-1,16.264627,1.162011,1
198,Excellent,nh-white,1,1,3,-1.5,19.855284,4.6710606,1.5
199,Very Good,nh-white,0,0,5,-1,20.534882,5.8267813,1
199,Excellent,nh-white,0,0,4,-.75,21.290411,1.9912289,.75
201,Excellent,nh-asian,0,0,2,-2,23.267612,8.1863642,2
201,Fair,nh-white,0,0,5,-1.75,13.742377,2.9343977,1.75
202,Very Good,nh-white,0,0,5,-1,16.827385,5.6705923,1
202,Excellent,nh-white,0,0,4,-1.5,20.413984,4.113276,1.5
203,Excellent,nh-white,0,0,4,-1.5,23.504145,5.2326183,1.5
203,Very Good,nh-white,0,0,5,-1.75,21.564083,2.1148379,1.75
204,Good,nh-white,0,0,3,-1.75,16.825752,2.180896,1.75
204,Good,nh-white,0,0,3,-1.25,18.122768,3.558058,1.25
205,Very Good,nh-white,0,0,5,-2,20.97592,3.6911108,2
205,Excellent,nh-white,0,0,4,-2,22.253139,5.0115075,2
206,Very Good,hispanic,1,1,4,-1.5,20.993261,3.4093127,1.5
206,Very Good,hispanic,1,1,4,-1.5,17.895288,4.9383831,1.5
209,Good,nh-white,0,0,4,-1.25,18.547256,2.7591109,1.25
209,Very Good,hispanic,0,0,3,-1.75,19.109194,.78336531,1.75
210,Very Good,nh-white,0,0,5,-1.75,20.613556,4.9473352,1.75
210,Excellent,nh-white,0,0,4,-1.75,22.111078,3.2804368,1.75
211,Very Good,nh-white,0,0,4,-.75,18.114916,4.2242455,.75
211,Very Good,nh-white,0,0,4,-1,22.350407,4.5886421,1
212,Very Good,nh-white,0,0,4,-1.25,21.382238,4.1104217,1.25
212,Very Good,nh-white,0,0,4,-1.5,21.455282,3.5163727,1.5
214,Good,nh-white,0,0,5,-1,19.456944,1.1786397,1
214,Excellent,nh-white,0,0,3,-1.5,20.569254,3.5284638,1.5
215,Very Good,nh-white,0,0,4,-1.75,18.392733,4.8259816,1.75
215,Very Good,nh-white,0,0,4,-1,21.376518,2.4663165,1
216,Very Good,nh-white,0,0,5,-2,19.175537,2.600352,2
216,Excellent,nh-white,0,0,4,-1.75,19.208536,4.3244619,1.75
217,Very Good,nh-white,0,0,3,.5,20.770542,3.7623227,-.5
217,Good,nh-white,0,0,4,.75,19.065002,1.4455638,-.75
218,Very Good,nh-white,1,1,3,-1.75,22.093796,3.2791636,1.75
218,Good,nh-white,1,1,4,-1.5,16.723507,4.5083833,1.5
219,Good,nh-white,0,0,5,-.5,17.716309,1.0742584,.5
219,Excellent,hispanic,0,0,3,-.25,23.226049,6.0340552,.25
221,Good,nh-white,1,0,3,-1.25,17.401794,4.5683217,1.25
221,Good,nh-white,0,1,3,-.5,19.027718,3.7291715,.5
222,Very Good,nh-white,1,1,3,-1.75,20.391632,4.1095481,1.75
222,Good,nh-white,1,1,4,-.5,20.057159,2.9465699,.5
224,Good,nh-white,1,1,4,-1.5,17.568348,4.7005205,1.5
224,Very Good,nh-white,1,1,3,-1.75,20.678225,5.2249403,1.75
225,Good,nh-white,0,0,3,.75,19.66642,3.6230373,-.75
225,Good,nh-mixed,0,0,3,1.5,17.77807,2.3953886,-1.5
227,Good,nh-white,1,0,3,-1.25,19.78896,2.0203507,1.25
227,Good,nh-white,0,1,3,0,16.93305,.72176242,0
228,Good,nh-white,0,1,3,-.75,16.876394,3.0386479,.75
228,Good,nh-white,1,0,3,-1.25,15.413011,4.4559402,1.25
229,Very Good,nh-white,1,1,4,-2,18.739773,4.0207577,2
229,Very Good,nh-white,1,1,4,-1.75,18.349112,1.3510172,1.75
232,Very Good,nh-white,1,1,3,-1.75,18.14855,3.45748,1.75
232,Good,nh-white,1,1,4,-1.25,16.763063,.53673851,1.25
233,Good,nh-white,0,0,4,-1,16.105232,4.8210492,1
233,Very Good,nh-white,0,0,3,-2,20.494949,3.5322273,2
234,Very Good,nh-white,1,1,4,-1,18.551584,4.9211407,1
234,Very Good,nh-white,1,1,4,-1.5,18.957508,3.1618423,1.5
236,Very Good,hispanic,0,0,2,-1,19.280647,4.4506278,1
236,Fair,nh-white,0,0,4,-1.75,16.173326,1.7112751,1.75
237,Very Good,nh-white,0,0,2,-1,20.419451,5.9677548,1
237,Fair,nh-white,0,0,4,-.75,12.480956,1.5005331,.75
239,Very Good,nh-white,0,0,3,-1.75,18.407042,6.5849781,1.75
239,Good,nh-white,0,0,4,-2,18.220507,4.9934239,2
241,Good,nh-white,1,1,3,-1,16.624683,3.3334088,1
241,Good,nh-white,1,1,3,-.5,18.199806,3.8580561,.5
242,Fair,nh-white,0,0,3,-2,16.277008,2.4929595,2
242,Good,nh-white,0,0,2,-2,18.230625,5.7778058,2
243,Very Good,nh-white,1,1,3,-2,17.976973,5.5201283,2
243,Good,nh-white,1,1,4,0,18.658085,2.2627025,0
245,Excellent,nh-white,0,0,5,-1.5,21.990786,5.0232325,1.5
245,Excellent,nh-white,0,0,5,-1.5,22.788054,4.2431345,1.5
246,Good,nh-white,0,0,3,-2,15.042431,1.8108529,2
246,Good,nh-white,0,0,3,-1.75,15.596796,1.472362,1.75
247,Fair,hispanic,0,0,4,-2,17.204962,.8090198,2
247,Very Good,hispanic,0,0,2,-1.5,20.23222,6.3121772,1.5
249,Very Good,nh-white,1,1,4,-1.75,19.556412,2.8627706,1.75
249,Very Good,nh-white,1,1,4,-1.5,19.154694,3.2691302,1.5
251,Good,nh-white,0,0,3,-.75,18.569544,2.7120051,.75
251,Good,nh-other,0,0,3,0,16.143431,2.4858449,0
253,Fair,nh-white,1,1,3,-.75,15.912348,.63892633,.75
253,Good,nh-white,1,1,2,-1.25,19.197672,4.8862982,1.25
254,Very Good,nh-white,0,0,5,-1.75,22.550217,4.5384374,1.75
254,Excellent,nh-white,0,0,4,-1.25,20.974939,5.0410056,1.25
255,Good,nh-white,0,0,4,-2,17.36248,.56281102,2
255,Very Good,nh-white,0,0,3,-1.75,19.780802,4.3553519,1.75
256,Very Good,nh-white,0,0,2,-1.5,19.712378,3.6260142,1.5
256,Fair,nh-white,0,0,4,-1.75,15.370872,.68559128,1.75
257,Fair,nh-white,1,1,3,-1.25,16.63229,3.166811,1.25
257,Good,nh-white,1,1,2,-1.5,18.380093,3.1224208,1.5
258,Good,nh-white,1,1,3,-1.75,17.659473,2.9351873,1.75
258,Good,nh-white,1,1,3,-1.25,15.672441,2.7276711,1.25
259,Good,nh-white,0,0,4,-1.75,20.307377,.90598309,1.75
259,Very Good,nh-white,0,0,3,-1.5,18.217644,3.6834898,1.5
260,Good,nh-white,1,1,5,-1.5,17.536007,1.6273482,1.5
260,Excellent,nh-white,1,1,3,-1.75,22.641144,4.4736037,1.75
264,Good,nh-white,0,0,3,-1.75,15.689174,1.8688309,1.75
264,Good,nh-white,0,0,3,.25,17.564177,2.8249855,-.25
265,Excellent,nh-white,0,0,4,-1.25,21.582438,4.913548,1.25
265,Very Good,nh-white,0,0,5,-1.5,19.924992,3.1405485,1.5
266,Very Good,nh-white,1,1,3,-1.5,21.384348,2.8358839,1.5
266,Good,nh-white,1,1,4,-.75,20.548658,2.9842868,.75
267,Good,nh-white,0,0,4,-1.75,18.480705,2.6835902,1.75
267,Very Good,nh-asian,0,0,3,-1.75,17.193714,4.9639521,1.75
270,Very Good,nh-asian,1,0,3,-1,20.74032,4.8797331,1
270,Good,nh-asian,0,1,4,0,18.655764,1.2411239,0
272,Very Good,nh-white,1,0,5,-1.5,20.87447,.70072007,1.5
272,Excellent,nh-white,0,1,4,-1.75,24.142647,8.1107531,1.75
280,Very Good,nh-white,1,1,4,-1.5,20.285892,3.3375862,1.5
280,Very Good,nh-mixed,1,1,4,-1.5,18.503777,3.2984843,1.5
303,Very Good,nh-white,1,0,4,-1.75,21.52636,5.471961,1.75
303,Very Good,nh-white,0,1,4,-1.5,19.689383,5.9700799,1.5
305,Good,nh-white,1,0,3,-1,15.640732,1.6826162,1
305,Good,nh-white,0,1,3,-.25,20.837807,2.0073388,.25
307,Excellent,nh-white,1,0,5,-1.75,21.064449,6.8255854,1.75
307,Excellent,nh-white,0,1,5,-1.75,20.277836,4.8332229,1.75
308,Excellent,nh-white,1,1,4,-2,21.40641,5.2434154,2
308,Very Good,nh-white,1,1,5,-1.5,20.374371,3.717494,1.5
309,Very Good,nh-white,1,1,4,-1.75,19.252739,.21787423,1.75
309,Very Good,nh-white,1,1,4,-2,18.240694,4.3329735,2
310,Very Good,nh-white,1,1,2,-1,17.964272,5.6473846,1
310,Fair,nh-white,1,1,4,-.5,13.289791,.82077891,.5
311,Good,nh-white,0,0,4,-1.75,19.931845,3.9445224,1.75
311,Very Good,nh-white,0,0,3,-2,19.004684,3.8256299,2
314,Very Good,nh-white,1,1,4,-1.75,19.079853,4.1337147,1.75
314,Very Good,nh-asian,1,1,4,-1.5,18.858833,5.6776824,1.5
315,Very Good,nh-white,0,0,2,-1.5,20.664772,1.2343951,1.5
315,Fair,nh-black,0,0,4,-1.5,13.981812,2.1676011,1.5
317,Very Good,nh-white,1,1,4,-1.25,18.378141,5.1595864,1.25
317,Very Good,nh-white,1,1,4,-.75,20.368612,6.3568678,.75
319,Fair,nh-white,1,0,4,-1.75,14.436915,4.1196256,1.75
319,Very Good,nh-white,0,1,2,-1.5,20.271702,3.3220947,1.5
320,Good,nh-white,1,0,4,-1.25,16.884348,1.6950564,1.25
320,Very Good,nh-white,0,1,3,-1.5,20.844498,3.8349235,1.5
322,Excellent,nh-white,1,1,5,-1.5,23.452532,6.8269029,1.5
322,Excellent,nh-white,1,1,5,-1.5,24.618713,1.9433763,1.5
323,Good,nh-white,0,0,5,-1.25,17.078716,.72043192,1.25
323,Excellent,nh-white,0,0,3,-1.5,21.393471,5.855176,1.5
325,Poor,nh-white,1,1,4,-1,7.9190664,2.4953728,1
325,Very Good,nh-white,1,1,1,-1,20.763712,3.8217974,1
326,Very Good,nh-white,1,1,3,-2,19.719141,2.2543318,2
326,Good,nh-white,1,1,4,-2,16.748091,1.9777069,2
327,Fair,nh-white,1,1,2,-.75,16.923311,3.4078035,.75
327,Fair,nh-white,1,1,2,-.25,15.7969,.67703307,.25
328,Excellent,nh-white,0,0,4,.25,21.748714,6.9869046,-.25
328,Very Good,hispanic,0,0,5,-1,18.974987,7.7868524,1
330,Good,nh-mixed,0,0,3,.25,17.857531,.68810302,-.25
330,Good,nh-white,0,0,3,-1.25,18.080715,3.2323678,1.25
331,Good,nh-white,1,1,3,-1.5,19.063496,2.0414817,1.5
331,Good,nh-white,1,1,3,-1.25,18.413794,4.4484558,1.25
332,Excellent,nh-white,1,1,5,-1.75,22.800858,5.6709099,1.75
332,Excellent,nh-white,1,1,5,-.75,23.139088,9.4901485,.75
333,Excellent,nh-white,1,1,4,-1.25,20.298407,4.8840566,1.25
333,Very Good,nh-white,1,1,5,-1.5,18.992643,3.0073326,1.5
334,Fair,nh-white,1,1,1,-.25,15.652068,3.1670129,.25
334,Poor,nh-white,1,1,2,-2,12.671436,1.9544405,2
342,Fair,nh-white,1,0,4,-.75,14.836046,1.182525,.75
342,Very Good,nh-white,0,1,2,-.25,19.723417,4.2302036,.25
346,Good,nh-white,1,0,5,-1.5,18.04529,2.4758799,1.5
346,Excellent,nh-white,0,1,3,-.5,21.633667,9.3603334,.5
347,Good,nh-white,1,0,3,-.25,15.908348,1.60095,.25
347,Good,nh-white,0,1,3,-1.5,15.532488,3.5241313,1.5
352,Very Good,nh-white,1,0,3,-1.5,21.800564,6.2798452,1.5
352,Good,nh-white,0,1,4,-1.75,17.288448,2.6027956,1.75
353,Very Good,nh-white,1,0,2,-2,22.316473,5.4399648,2
353,Fair,nh-white,0,1,4,-2,14.931876,-1.4577469,2
355,Good,hispanic,1,0,3,-1.25,15.867799,4.3937492,1.25
355,Good,nh-white,0,1,3,.75,16.521833,.014533766,-.75
356,Fair,nh-white,1,0,2,-1.5,13.961618,2.9702573,1.5
356,Fair,nh-white,0,1,2,-1.75,15.429759,1.6539656,1.75
363,Good,nh-white,1,0,3,-1.5,18.04804,3.4866219,1.5
363,Good,nh-white,0,1,3,-1.25,18.342888,3.9053199,1.25
364,Good,nh-white,1,0,4,-.25,18.986839,2.4417377,.25
364,Very Good,nh-white,0,1,3,-.5,21.091774,3.4223721,.5
368,Good,nh-white,1,0,3,-.25,17.797094,5.2177796,.25
368,Good,nh-white,0,1,3,-.75,16.869318,4.2896214,.75
369,Good,nh-white,1,0,4,-1.25,18.856171,2.1911991,1.25
369,Very Good,nh-white,0,1,3,-.75,17.831228,5.7950358,.75
370,Very Good,nh-white,1,0,2,.5,20.748909,6.5529437,-.5
370,Fair,nh-white,0,1,4,-.75,15.563934,3.5554214,.75
374,Good,nh-white,1,0,3,-1.75,17.021914,-.25358874,1.75
374,Good,nh-white,0,1,3,-.25,16.633299,2.7169368,.25
375,Excellent,nh-white,1,0,3,-.75,21.080122,5.1307406,.75
375,Good,nh-white,0,1,5,-.75,16.23579,2.408608,.75
377,Very Good,nh-white,0,1,2,-1,20.382528,4.9049835,1
377,Fair,nh-white,1,0,4,.25,16.370842,3.4042904,-.25
378,Good,nh-white,1,1,2,-1.75,16.703596,3.1670372,1.75
378,Fair,nh-mixed,1,1,3,-1.5,12.826768,1.6508965,1.5
381,Very Good,nh-white,1,1,5,-1,20.267178,1.2658772,1
381,Excellent,nh-asian,1,1,4,-2,24.017311,2.8428369,2
382,Good,nh-white,1,0,4,-.25,15.413034,4.1859746,.25
382,Very Good,nh-white,0,1,3,-1.5,19.382929,6.5859227,1.5
385,Good,nh-white,0,0,3,.75,15.756869,2.5957172,-.75
385,Good,nh-white,0,0,3,-.5,17.499844,.8089267,.5
386,Very Good,nh-white,1,1,5,-1.75,19.704269,2.6843944,1.75
386,Excellent,nh-white,1,1,4,-1.75,22.504766,6.7183995,1.75
387,Good,nh-other,1,0,4,0,18.34479,3.668494,0
387,Very Good,hispanic,0,1,3,-.25,17.479708,3.1902151,.25
390,Good,nh-white,1,1,5,-1.75,17.484255,2.349514,1.75
390,Excellent,nh-black,1,1,3,0,23.940363,4.2364726,0
394,Good,nh-white,1,0,3,-.5,16.918526,4.0729585,.5
394,Good,nh-white,0,1,3,-.25,17.977253,2.6947927,.25
395,Very Good,nh-white,0,0,4,-1.5,21.21464,1.8463503,1.5
395,Very Good,nh-white,0,0,4,-.75,21.20932,4.8643126,.75
397,Good,nh-white,0,1,4,0,18.175257,4.5706563,0
397,Very Good,nh-white,1,0,3,-.75,18.960255,3.6868341,.75
398,Good,nh-white,1,1,3,-2,16.941395,4.0036759,2
398,Good,nh-white,1,1,3,-2,18.395994,5.7232585,2
399,Excellent,nh-white,0,1,3,-.75,24.051058,5.207006,.75
399,Good,nh-white,1,0,5,-1.25,17.006876,4.1174908,1.25
404,Very Good,nh-white,0,0,3,-1.75,21.041136,4.9497004,1.75
404,Good,nh-white,0,0,4,-1.25,17.328329,.78117162,1.25
406,Good,nh-white,0,0,3,-.75,16.575363,2.0164118,.75
406,Good,nh-white,0,0,3,-1.5,15.76337,3.2659321,1.5
407,Very Good,nh-white,1,1,4,-1.75,20.918673,2.6353886,1.75
407,Very Good,nh-white,1,1,4,-2,20.357208,6.4831123,2
409,Excellent,nh-white,1,1,5,-2,19.315355,2.8745959,2
409,Excellent,nh-white,1,1,5,-1.5,25.007837,6.0780177,1.5
410,Good,nh-white,1,1,3,-1.5,18.409277,2.833221,1.5
410,Good,nh-black,1,1,3,-.75,18.812698,3.1345863,.75
412,Excellent,nh-white,0,0,3,-1.5,22.119028,5.5797367,1.5
412,Good,nh-white,0,0,5,-1,16.941935,1.7256571,1
413,Good,nh-white,1,1,5,-1,15.908884,-1.5356992,1
413,Excellent,nh-white,1,1,3,-1.75,23.100445,5.3271313,1.75
416,Good,nh-white,1,1,3,-1.75,17.741407,2.5612614,1.75
416,Good,nh-white,1,1,3,-1,17.376448,2.4210415,1
417,Fair,nh-white,1,1,4,-1.5,15.799295,1.8047938,1.5
417,Very Good,nh-white,1,1,2,0,19.832277,3.9070554,0
418,Excellent,nh-white,1,0,2,-1.5,22.566727,2.5567994,1.5
418,Fair,nh-white,0,1,5,-.25,13.936259,1.5739124,.25
419,Fair,nh-white,1,0,4,.75,14.546521,.75590074,-.75
419,Very Good,nh-white,0,1,2,-.25,23.01115,4.040463,.25
420,Very Good,nh-white,1,1,5,-1,21.172535,3.2980282,1
420,Excellent,nh-white,1,1,4,-2,21.341957,4.9985528,2
421,Excellent,nh-white,0,0,5,-.5,23.173563,6.4097962,.5
421,Excellent,nh-white,0,0,5,.25,22.964193,3.0776925,-.25
423,Very Good,nh-mixed,1,1,4,-.5,18.991217,.72836262,.5
423,Very Good,nh-white,1,1,4,-1.25,20.955225,4.5242648,1.25
424,Very Good,nh-white,1,1,2,-1.25,22.801386,3.5604348,1.25
424,Fair,nh-white,1,1,4,.25,14.960629,1.222989,-.25
425,Excellent,nh-white,1,1,3,-1.75,22.635998,3.1246495,1.75
425,Good,nh-white,1,1,5,-.75,15.801768,1.9985811,.75
426,Good,nh-white,0,0,4,.25,15.04898,1.4964448,-.25
426,Very Good,nh-white,0,0,3,.5,19.690594,3.8270264,-.5
428,Very Good,nh-white,1,1,1,-.75,18.032726,3.770083,.75
428,Poor,nh-white,1,1,4,-1,10.302745,1.1571808,1
429,Poor,nh-white,1,1,4,-1.5,12.365789,.65084094,1.5
429,Very Good,nh-white,1,1,1,-2,19.172287,5.2776952,2
430,Very Good,nh-white,1,1,4,-2,20.797764,2.0685027,2
430,Very Good,nh-white,1,1,4,-2,21.285463,3.6380455,2
431,Good,hispanic,0,0,4,-1.75,16.630316,6.3687077,1.75
431,Very Good,nh-white,0,0,3,-.5,19.794659,4.3866053,.5
432,Very Good,nh-white,0,0,3,-1.5,20.17275,6.4086127,1.5
432,Good,nh-white,0,0,4,-1.75,17.118553,5.6861186,1.75
434,Fair,nh-white,0,0,5,-1,16.262651,6.0945373,1
434,Excellent,hispanic,0,0,2,-1,24.832758,5.9199924,1
435,Excellent,nh-white,0,0,4,.25,23.185209,4.7319269,-.25
435,Very Good,nh-white,0,0,5,-1.75,23.051712,3.5872812,1.75
436,Good,nh-white,1,1,5,-1.75,18.377966,4.4960499,1.75
436,Excellent,nh-white,1,1,3,-1.75,22.212606,4.6062093,1.75
438,Good,nh-white,1,1,3,-1,17.815443,3.0682859,1
438,Good,nh-white,1,1,3,-.25,16.683088,1.1420664,.25
439,Excellent,nh-black,0,0,3,-1.5,21.197395,4.7263122,1.5
439,Good,nh-white,0,0,5,-1.5,18.926779,1.5555276,1.5
440,Fair,nh-white,1,0,4,-1,16.550285,1.3580335,1
440,Very Good,nh-white,0,1,2,0,20.058365,2.8911128,0
443,Good,nh-white,0,0,3,-1.5,16.52986,4.8841925,1.5
443,Good,nh-white,0,0,3,-1.5,19.713804,3.2174003,1.5
444,Good,nh-white,1,0,3,-1.75,16.620359,1.8262964,1.75
444,Good,nh-white,0,1,3,-2,17.769464,1.7461749,2
445,Poor,hispanic,1,0,4,-1.75,10.776464,2.2308102,1.75
445,Very Good,hispanic,0,1,1,-1.75,21.153999,3.9813309,1.75
446,Excellent,nh-white,1,1,5,-1.75,22.717253,4.2740173,1.75
446,Excellent,nh-white,1,1,5,-1.75,20.821815,3.9655247,1.75
448,Fair,nh-white,1,0,4,-.25,17.877747,-.75857717,.25
448,Very Good,nh-white,0,1,2,-.5,18.953701,4.3154931,.5
449,Very Good,nh-white,0,0,4,-.75,20.674673,4.0739713,.75
449,Very Good,nh-white,0,0,4,-.75,18.872602,3.7111583,.75
450,Very Good,nh-white,0,0,2,-.75,17.297665,3.7292929,.75
450,Fair,nh-white,0,0,4,-2,13.499891,1.0854504,2
451,Very Good,nh-white,1,1,4,-.25,22.99781,-1.2769768,.25
451,Very Good,nh-white,1,1,4,-1.25,17.819042,2.4058406,1.25
452,Good,nh-white,0,1,3,-1.75,17.068302,2.015661,1.75
452,Good,nh-white,1,0,3,-1.25,18.470137,2.2505789,1.25
454,Excellent,nh-white,1,0,3,-1.5,23.22179,5.7823243,1.5
454,Good,nh-white,0,1,5,-1.25,16.944822,2.6123416,1.25
455,Very Good,nh-asian,1,1,2,-1.25,20.900017,4.203126,1.25
455,Fair,nh-asian,1,1,4,-.75,16.533533,-.9307,.75
457,Good,nh-white,0,0,3,-1.5,20.898756,2.8327906,1.5
457,Good,nh-white,0,0,3,-.75,15.684732,2.199193,.75
459,Very Good,nh-white,1,1,2,-.75,23.170969,2.172581,.75
459,Fair,nh-white,1,1,4,-1.75,17.623219,1.6387984,1.75
460,Good,nh-white,1,1,3,-1.75,17.842775,7.7090688,1.75
460,Good,nh-white,1,1,3,-.75,17.379581,2.052732,.75
461,Good,nh-white,1,1,4,-1.5,17.780701,2.1971509,1.5
461,Very Good,nh-white,1,1,3,-1.5,18.47175,5.121942,1.5
462,Very Good,nh-white,0,0,4,-1,21.04401,5.3266406,1
462,Very Good,nh-white,0,0,4,-.5,20.486227,4.3640409,.5
463,Excellent,nh-white,0,0,5,-1.75,19.680584,4.9625039,1.75
463,Excellent,nh-white,0,0,5,-1.75,21.577187,6.6385708,1.75
464,Very Good,nh-white,1,1,4,-1,18.653252,8.2612247,1
464,Very Good,nh-white,1,1,4,-2,19.041431,3.2481768,2
465,Good,nh-white,0,0,4,-.5,13.165563,4.4759002,.5
465,Very Good,nh-asian,0,0,3,-.75,19.335588,5.6700473,.75
466,Excellent,nh-white,0,0,4,-1.5,22.736183,7.4488358,1.5
466,Very Good,nh-white,0,0,5,-1.5,19.071453,5.0935187,1.5
468,Very Good,nh-white,0,0,3,-.25,20.929148,3.5313327,.25
468,Good,nh-white,0,0,4,-.25,18.43885,2.3225746,.25
469,Very Good,nh-white,1,0,5,-1.5,20.596748,4.4680767,1.5
469,Excellent,nh-white,0,1,4,-1.5,20.099764,5.2459331,1.5
470,Very Good,nh-white,1,1,4,-1.75,20.98317,5.8300171,1.75
470,Very Good,nh-white,1,1,4,-1.5,20.898331,6.6861224,1.5
471,Good,nh-white,0,0,3,-1.75,18.248005,3.6624353,1.75
471,Good,nh-white,0,0,3,-1.5,18.023489,6.3759837,1.5
472,Good,nh-white,1,1,1,-.75,17.597775,5.2468338,.75
472,Poor,nh-white,1,1,3,-.25,14.061986,.63076705,.25
474,Very Good,nh-white,1,0,4,-.75,19.09128,3.0035965,.75
474,Very Good,hispanic,0,1,4,-1.5,21.285378,2.0368648,1.5
475,Good,nh-white,1,1,4,-2,18.53392,5.6311646,2
475,Very Good,nh-white,1,1,3,-2,20.575432,1.871398,2
476,Poor,nh-white,1,0,3,-1.25,11.9251,.78651911,1.25
476,Good,nh-white,0,1,1,-.75,16.459951,-1.007028,.75
478,Very Good,nh-white,1,0,4,-1.5,18.551462,4.4497848,1.5
478,Very Good,nh-white,0,1,4,-1.75,21.696262,5.7110004,1.75
479,Very Good,nh-white,1,0,3,-2,19.436195,5.6779876,2
479,Good,nh-white,0,1,4,-1,18.465305,.96766889,1
480,Good,nh-white,1,1,4,-1.25,17.788565,3.986196,1.25
480,Very Good,nh-white,1,1,3,-1.25,20.923868,2.8962891,1.25
481,Very Good,nh-white,1,1,4,-1,19.16515,2.6077957,1
481,Very Good,nh-white,1,1,4,-1.5,18.56745,3.788517,1.5
482,Excellent,nh-mixed,0,0,4,-1.5,23.443846,5.5089607,1.5
482,Very Good,nh-white,0,0,5,-.75,19.526423,2.4057574,.75
483,Good,nh-black,1,0,5,-1.75,15.835258,4.7572546,1.75
483,Excellent,nh-black,0,1,3,-1.75,22.905708,6.207634,1.75
484,Excellent,nh-white,1,1,3,-.75,24.985674,5.4607363,.75
484,Good,hispanic,1,1,5,-.25,16.523024,4.414752,.25
485,Good,nh-white,0,0,3,-1.75,16.917944,2.6127887,1.75
485,Good,nh-white,0,0,3,0,17.162594,-.014157311,0
486,Good,nh-white,0,0,3,-1,17.065361,2.5281143,1
486,Good,nh-white,0,0,3,-1.25,16.123756,4.5384598,1.25
488,Very Good,nh-white,0,0,3,-.75,18.956152,3.4859631,.75
488,Good,nh-white,0,0,4,-1.5,19.968615,7.547348,1.5
489,Fair,hispanic,1,0,4,0,14.781451,1.6902407,0
489,Very Good,hispanic,0,1,2,-.25,22.500616,4.0446787,.25
490,Poor,nh-white,1,1,2,-1,13.813465,-.41510352,1
490,Fair,nh-white,1,1,1,-2,13.37213,.85037577,2
494,Very Good,nh-white,1,0,5,-2,21.787882,5.1689839,2
494,Excellent,hispanic,0,1,4,-1,20.288546,2.3215666,1
495,Poor,nh-white,1,0,4,-.5,13.384997,-1.6233917,.5
495,Very Good,nh-white,0,1,1,-.75,17.880035,4.990798,.75
496,Good,nh-white,1,0,2,-.75,16.571585,4.5862932,.75
496,Fair,nh-white,0,1,3,-.75,13.854726,1.3997808,.75
499,Fair,nh-white,1,0,4,-1.25,16.584356,3.7465122,1.25
499,Very Good,nh-white,0,1,2,-1.5,20.918352,5.4919982,1.5
500,Good,nh-white,1,0,4,-1.25,16.299709,1.3611463,1.25
500,Very Good,nh-white,0,1,3,-1.25,21.123913,2.4162524,1.25
501,Good,nh-white,1,1,4,-1.5,16.019886,1.1880355,1.5
501,Very Good,nh-native american,1,1,3,-1.25,20.131107,3.5202899,1.25
503,Good,nh-white,1,1,3,-1.75,14.671595,1.3465831,1.75
503,Good,nh-white,1,1,3,-2,18.430803,3.0667109,2
505,Excellent,nh-white,1,1,3,-1.5,23.242086,5.6925678,1.5
505,Good,nh-white,1,1,5,-1.75,19.536798,3.9448524,1.75
506,Very Good,nh-white,1,1,4,-.75,22.792191,4.1545315,.75
506,Very Good,nh-white,1,1,4,-.25,19.678625,2.5998855,.25
507,Good,hispanic,1,1,4,-.25,16.460011,5.7440023,.25
507,Very Good,nh-black,1,1,3,-.25,20.616137,3.8133674,.25
508,Good,nh-white,1,1,3,-1.25,17.720964,6.0931683,1.25
508,Good,nh-white,1,1,3,0,19.659666,3.1035175,0
510,Good,nh-white,1,0,2,-1.25,18.198605,2.4013045,1.25
510,Fair,nh-white,0,1,3,-1,13.792253,4.1217284,1
511,Very Good,nh-white,1,0,4,-1.75,20.612463,4.4824772,1.75
511,Very Good,nh-asian,0,1,4,-2,22.87767,2.4701316,2
512,Good,nh-white,1,1,2,-.5,18.168734,4.2035279,.5
512,Fair,nh-white,1,1,3,-.5,13.727708,2.5931408,.5
513,Poor,nh-white,1,0,4,-.5,12.323475,2.2200506,.5
513,Very Good,nh-white,0,1,1,-.75,21.313728,2.2039366,.75
516,Good,nh-white,1,1,4,-2,19.322908,2.5819626,2
516,Very Good,nh-white,1,1,3,-1.75,19.275091,2.7383046,1.75
517,Poor,nh-white,1,0,3,.25,13.146098,.93551928,-.25
517,Good,nh-white,0,1,1,1.5,17.440882,2.9126561,-1.5
518,Good,nh-white,1,1,3,-1.5,16.717119,.25776085,1.5
518,Good,nh-white,1,1,3,.75,15.532244,3.3880553,-.75
519,Very Good,nh-white,1,1,3,-1.5,18.795937,4.348002,1.5
519,Good,nh-white,1,1,4,-1.5,17.805099,3.0980482,1.5
520,Fair,nh-white,1,1,3,-1.5,15.533395,5.9411149,1.5
520,Good,nh-white,1,1,2,-1.25,18.865646,-1.1118461,1.25
522,Excellent,nh-white,1,1,3,-2,24.755716,6.0821667,2
522,Good,nh-white,1,1,5,-2,15.234193,1.8413708,2
523,Very Good,nh-white,1,1,3,-1.5,19.250179,2.0345776,1.5
523,Good,nh-white,1,1,4,-1.25,16.403818,2.1868558,1.25
525,Excellent,nh-white,1,1,4,-2,22.722797,1.6239882,2
525,Very Good,nh-mixed,1,1,5,-.5,23.090811,4.0249624,.5
527,Good,nh-white,1,0,4,-1.25,17.542164,3.7006674,1.25
527,Very Good,nh-white,0,1,3,-1,19.939936,2.7858033,1
528,Very Good,nh-white,1,0,3,-1.5,15.164876,3.3342452,1.5
528,Good,nh-white,0,1,4,-1.25,17.689899,3.0184808,1.25
530,Very Good,nh-white,1,0,5,-1.5,19.760159,3.1989021,1.5
530,Excellent,nh-white,0,1,4,-1,22.275692,4.939218,1
532,Very Good,nh-white,1,0,5,-1.75,20.466022,3.7216854,1.75
532,Excellent,nh-white,0,1,4,-1.25,22.653725,3.7764056,1.25
534,Good,nh-white,1,0,2,-1.75,17.682175,.9630006,1.75
534,Fair,nh-white,0,1,3,-1.5,13.894291,1.2676519,1.5
535,Fair,nh-white,1,1,2,-1,13.902391,1.1277168,1
535,Fair,nh-white,1,1,2,-1.75,14.88318,3.0733895,1.75
536,Good,nh-white,0,0,3,-1.25,20.56636,3.2251055,1.25
536,Good,nh-white,0,0,3,-1.75,16.945808,3.4345369,1.75
537,Very Good,nh-white,1,1,4,-2,18.481279,2.7005749,2
537,Very Good,nh-white,1,1,4,-2,23.023722,4.8180704,2
538,Excellent,nh-white,1,1,4,-2,20.37961,4.6791816,2
538,Very Good,nh-white,1,1,5,-2,16.135529,2.787576,2
540,Excellent,nh-white,0,0,4,-1.5,26.404905,4.6792121,1.5
540,Very Good,nh-white,0,0,5,-2,21.786373,3.8714256,2
541,Very Good,nh-white,1,1,4,-1.75,20.371025,3.3882122,1.75
541,Very Good,nh-white,1,1,4,-2,20.752094,4.1318417,2
542,Very Good,nh-white,1,1,3,-2,20.083307,3.5878556,2
542,Good,nh-white,1,1,4,-2,17.122217,4.1307235,2
544,Excellent,nh-asian,1,1,5,-.75,22.987473,4.685163,.75
544,Excellent,nh-white,1,1,5,-1.75,20.075823,5.8248639,1.75
546,Very Good,nh-white,0,0,5,-2,23.663792,3.3772287,2
546,Excellent,nh-white,0,0,4,-1.5,20.899334,2.1231174,1.5
548,Very Good,nh-white,1,1,3,-1,20.267,3.3954489,1
548,Good,nh-white,1,1,4,-2,18.968964,4.6980882,2
549,Very Good,nh-white,1,1,2,-1.25,19.991812,3.1469469,1.25
549,Fair,nh-white,1,1,4,-.25,13.039078,.39779779,.25
550,Very Good,nh-white,0,0,3,-1.75,18.788181,2.1008847,1.75
550,Good,nh-white,0,0,4,-1.25,18.015493,3.07318,1.25
551,Excellent,nh-asian,1,1,3,-1.5,23.663055,4.4959097,1.5
551,Good,nh-mixed,1,1,5,-1.75,18.165989,4.7537613,1.75
552,Excellent,nh-white,1,1,4,-1.25,23.975269,6.7682204,1.25
552,Very Good,nh-white,1,1,5,-1.5,19.674587,4.1473961,1.5
553,Good,nh-white,1,1,3,-2,20.090059,-.31122538,2
553,Good,nh-white,1,1,3,-2,19.617079,2.0512116,2
554,Poor,nh-white,1,0,3,-1.5,8.9335632,1.226357,1.5
554,Good,nh-white,0,1,1,-.5,14.296806,1.7074403,.5
555,Very Good,nh-white,0,1,3,-1.75,19.99695,4.7251353,1.75
555,Good,nh-mixed,1,0,4,-2,17.628916,1.4177624,2
556,Very Good,nh-white,1,0,3,-.75,19.637508,5.0189972,.75
556,Good,nh-white,0,1,4,-.5,14.822664,1.6799686,.5
557,Good,nh-white,1,0,5,-1.5,17.885311,1.6154706,1.5
557,Excellent,nh-white,0,1,3,-2,22.271261,4.2584319,2
559,Excellent,nh-mixed,0,1,4,-2,23.52533,4.9830847,2
559,Very Good,nh-white,1,0,5,-1.25,19.461695,7.6493993,1.25
561,Very Good,nh-white,0,0,5,-2,20.083355,4.0724945,2
561,Excellent,nh-white,0,0,4,-1.5,24.650795,4.5077972,1.5
562,Good,nh-asian,0,0,4,-1,14.703688,.30798364,1
562,Very Good,nh-white,0,0,3,-.25,18.463583,4.2732487,.25
564,Excellent,nh-white,0,0,4,-1,24.060013,9.0389318,1
564,Very Good,nh-white,0,0,5,-1,19.158968,5.1748567,1
566,Excellent,nh-white,1,0,3,-1.75,24.436407,4.8022161,1.75
566,Good,nh-white,0,1,5,-.75,19.842258,1.576703,.75
567,Very Good,hispanic,0,0,3,-1.5,19.752897,3.931586,1.5
567,Good,nh-white,0,0,4,-.75,18.10672,4.7781515,.75
568,Excellent,nh-white,0,0,4,-1.25,20.531736,3.3280363,1.25
568,Very Good,nh-white,0,0,5,-1.25,20.587196,5.1704688,1.25
569,Good,nh-white,0,0,4,-1,17.604502,1.5662779,1
569,Very Good,nh-white,0,0,3,-.75,22.311184,4.2341671,.75
570,Poor,nh-other,1,1,2,-.75,10.957849,1.2325709,.75
570,Fair,nh-white,1,1,1,0,16.411495,2.9793069,0
572,Good,nh-white,0,1,4,-1,17.318136,1.6298664,1
572,Very Good,nh-white,1,0,3,-1.25,21.326757,2.7035818,1.25
573,Very Good,nh-white,1,1,3,-2,21.018669,5.8148174,2
573,Good,nh-white,1,1,4,-.75,20.065796,3.9263871,.75
574,Good,nh-mixed,1,0,3,-2,17.304939,2.066067,2
574,Good,nh-white,0,1,3,-1.75,16.928686,2.9439447,1.75
575,Very Good,nh-white,1,1,3,-1.5,18.441689,.90754217,1.5
575,Good,nh-white,1,1,4,0,18.001072,2.7152116,0
576,Good,nh-other,1,1,4,.5,14.692554,5.4170957,-.5
576,Very Good,nh-black,1,1,3,.25,20.800386,4.092617,-.25
577,Very Good,nh-white,0,0,3,0,19.349607,4.5259285,0
577,Good,hispanic,0,0,4,-1,18.624577,2.5118442,1
579,Very Good,nh-white,1,1,2,-1.75,19.408524,5.8750629,1.75
579,Fair,nh-white,1,1,4,-.75,14.840704,3.3136561,.75
581,Fair,nh-white,1,0,1,.25,14.236899,2.9253364,-.25
581,Poor,nh-white,0,1,2,-.5,12.81349,.092627242,.5
582,Very Good,nh-black,1,1,3,-1.5,21.911154,2.154279,1.5
582,Good,nh-black,1,1,4,-.5,16.931763,3.0217817,.5
584,Good,nh-black,0,1,3,-1.5,17.888985,4.1864758,1.5
584,Good,nh-other,1,0,3,-1,14.664479,2.1617997,1
585,Good,nh-white,1,0,2,2,19.757156,2.1060519,-2
585,Fair,nh-white,0,1,3,.25,16.045099,2.1813953,-.25
586,Good,nh-white,0,1,3,-1.25,17.347088,2.8501399,1.25
586,Good,nh-white,1,0,3,-2,18.094261,4.2826343,2
587,Very Good,nh-white,0,0,4,-1.75,18.367161,6.0253654,1.75
587,Very Good,nh-white,0,0,4,-1.75,20.728304,1.8393543,1.75
588,Fair,nh-white,1,0,3,-1.75,15.545869,2.2295346,1.75
588,Good,nh-white,0,1,2,-1.75,19.549997,5.0378551,1.75
589,Poor,nh-white,1,1,4,-.75,14.366719,2.3749921,.75
589,Very Good,nh-white,1,1,1,-1.25,21.605616,5.1893177,1.25
590,Good,hispanic,1,1,3,-2,14.161785,2.1937377,2
590,Good,nh-white,1,1,3,-2,16.288591,1.9161913,2
593,Very Good,nh-white,1,1,5,-.5,18.727699,6.6321611,.5
593,Excellent,nh-white,1,1,4,-.75,21.096815,9.6561289,.75
594,Fair,nh-white,0,1,5,-1.25,13.449575,1.708663,1.25
594,Excellent,nh-asian,1,0,2,-1.75,23.856514,5.5797582,1.75
597,Very Good,nh-white,1,1,3,-1,21.068766,3.2069566,1
597,Good,nh-white,1,1,4,.25,16.848484,5.7450061,-.25
598,Very Good,nh-asian,1,0,4,-1,20.319752,5.8806667,1
598,Very Good,nh-white,0,1,4,-1.5,22.358414,5.8033552,1.5
600,Good,nh-white,1,0,2,-1.5,20.690685,.21088354,1.5
600,Fair,nh-white,0,1,3,-1.75,12.641858,2.7379971,1.75
601,Very Good,nh-white,1,1,3,-1.25,19.039564,5.9698148,1.25
601,Good,nh-white,1,1,4,-2,17.067141,.063281693,2
602,Very Good,nh-white,1,1,4,-2,21.824158,3.9149234,2
602,Very Good,nh-white,1,1,4,-1.5,22.790344,2.1684439,1.5
603,Very Good,nh-white,1,1,2,-1.5,19.392317,5.5192432,1.5
603,Fair,nh-white,1,1,4,-1.25,15.437211,1.4921986,1.25
604,Excellent,nh-white,0,1,4,-1.5,21.639717,4.1025996,1.5
604,Very Good,nh-white,1,0,5,-1.5,21.080551,6.0984569,1.5
605,Good,nh-white,1,1,5,-2,19.540993,1.8724658,2
605,Excellent,nh-white,1,1,3,-2,25.634699,7.2732382,2
606,Excellent,nh-white,1,1,4,-1.25,21.569742,6.5261512,1.25
606,Very Good,nh-black,1,1,5,0,20.320206,3.3930545,0
609,Very Good,nh-white,0,0,4,-2,21.940691,4.3097558,2
609,Very Good,nh-white,0,0,4,-2,18.827036,4.6016412,2
611,Good,nh-white,0,1,4,.75,16.719393,1.4303294,-.75
611,Very Good,nh-white,1,0,3,.75,16.935022,4.9721684,-.75
612,Excellent,hispanic,0,1,4,-1.5,22.608047,2.9430022,1.5
612,Very Good,nh-white,1,0,5,-1.25,22.496286,2.4421508,1.25
614,Good,nh-white,1,1,3,-.75,18.622498,.030221112,.75
614,Good,nh-white,1,1,3,-1.75,17.889311,3.5926378,1.75
615,Good,nh-white,1,1,3,-1.5,18.599812,1.658265,1.5
615,Good,nh-white,1,1,3,.25,17.494959,6.778461,-.25
616,Very Good,nh-white,1,1,3,-1.75,22.677076,3.7355883,1.75
616,Good,nh-white,1,1,4,-2,17.765303,4.8332963,2
618,Very Good,nh-white,1,0,3,-1,19.428284,2.8292112,1
618,Good,nh-white,0,1,4,-1.25,15.283265,1.7850806,1.25
621,Very Good,nh-white,1,1,4,-1.5,19.232048,4.1086273,1.5
621,Very Good,nh-mixed,1,1,4,-1.5,20.459822,3.0555007,1.5
622,Good,hispanic,1,1,4,-1.75,17.801416,4.9095688,1.75
622,Very Good,nh-white,1,1,3,-.75,21.906509,3.8497608,.75
623,Good,nh-white,0,0,5,-.75,17.519581,3.6798966,.75
623,Excellent,nh-white,0,0,3,-1.75,23.210451,5.6521688,1.75
624,Good,nh-white,1,1,3,-.25,16.762627,2.4116664,.25
624,Good,nh-black,1,1,3,0,16.985346,2.2619538,0
625,Good,nh-white,0,0,4,-1.25,16.235847,.75810814,1.25
625,Very Good,nh-white,0,0,3,-1,21.497763,4.3119011,1
626,Very Good,nh-white,1,1,2,-1.75,19.208324,4.103322,1.75
626,Fair,nh-white,1,1,4,-1,15.647252,2.7526205,1
627,Good,nh-white,1,1,2,-1.5,17.065331,1.7846991,1.5
627,Fair,nh-white,1,1,3,-1.5,16.01413,2.2703686,1.5
628,Good,nh-white,0,0,5,-1.5,15.887921,2.4597104,1.5
628,Excellent,nh-white,0,0,3,-1,23.12484,7.1354632,1
629,Good,nh-white,0,0,4,-2,16.625111,.55112028,2
629,Very Good,nh-white,0,0,3,-2,20.959351,7.5024576,2
630,Excellent,nh-white,1,1,5,-.5,23.800642,4.1346531,.5
630,Excellent,nh-white,1,1,5,.25,23.601336,5.9129968,-.25
631,Fair,nh-white,0,0,4,-1.5,16.980051,.14090043,1.5
631,Very Good,nh-white,0,0,2,.25,22.389763,6.2516656,-.25
633,Good,nh-white,1,1,3,-1.75,16.988411,3.7927246,1.75
633,Good,nh-white,1,1,3,-1.5,17.905666,4.229651,1.5
636,Excellent,nh-white,1,1,4,-2,22.865479,4.576726,2
636,Very Good,nh-white,1,1,5,-1.75,19.379025,3.9574838,1.75
637,Good,nh-white,1,1,4,-1,18.903351,3.2865992,1
637,Very Good,nh-white,1,1,3,-1.5,19.77412,1.7500386,1.5
638,Very Good,nh-white,0,0,4,-2,22.147774,4.9962955,2
638,Very Good,nh-mixed,0,0,4,-2,20.537231,5.0655203,2
639,Very Good,nh-white,1,1,5,-1.5,21.728552,4.7644396,1.5
639,Excellent,nh-white,1,1,4,-1.75,23.393959,4.3043871,1.75
641,Very Good,nh-white,0,0,5,-1.75,21.827578,5.4220047,1.75
641,Excellent,nh-white,0,0,4,-1.75,24.176466,7.1311774,1.75
642,Fair,nh-white,1,1,4,-.75,13.618769,.84821671,.75
642,Very Good,nh-white,1,1,2,-1,20.765505,5.2273192,1
643,Good,nh-white,0,0,4,-.25,17.628935,2.7196693,.25
643,Very Good,nh-white,0,0,3,-1.25,20.629143,3.0836852,1.25
644,Excellent,nh-white,1,1,4,-1.5,24.414267,3.3960652,1.5
644,Very Good,nh-white,1,1,5,-1.75,19.319746,4.3055949,1.75
645,Good,nh-black,0,0,3,-1,18.855701,2.4671865,1
645,Good,nh-white,0,0,3,-.5,15.853758,4.8783412,.5
646,Fair,nh-white,1,0,2,0,13.897413,2.674583,0
646,Fair,nh-white,0,1,2,0,14.200685,3.1048186,0
647,Very Good,nh-white,0,0,4,-1.25,20.369236,3.5148222,1.25
647,Very Good,nh-white,0,0,4,-1.5,18.824831,2.1874244,1.5
648,Poor,hispanic,1,1,5,-1.25,10.398973,1.372103,1.25
648,Excellent,nh-black,1,1,1,-1.75,24.688662,2.8767695,1.75
649,Very Good,nh-white,0,1,4,0,20.556786,3.5830507,0
649,Very Good,nh-white,1,0,4,-.75,19.634512,3.7246103,.75
651,Fair,nh-white,1,1,2,-.75,12.423514,2.1909311,.75
651,Fair,nh-white,1,1,2,-.75,16.028332,4.3560438,.75
652,Excellent,nh-white,1,1,4,-2,21.297497,6.2937121,2
652,Very Good,nh-white,1,1,5,-1.5,19.555786,2.4870043,1.5
653,Fair,nh-white,1,0,3,.5,14.336793,1.7479942,-.5
653,Good,nh-white,0,1,2,-1.25,17.393368,1.2854009,1.25
654,Very Good,nh-white,1,1,4,-1.5,19.065071,2.3039281,1.5
654,Very Good,nh-white,1,1,4,-.25,18.908751,3.6431592,.25
656,Good,nh-white,1,1,4,-1.25,18.753771,3.5331914,1.25
656,Very Good,nh-white,1,1,3,-.75,19.522917,.63047814,.75
657,Good,nh-white,1,1,4,0,17.179556,3.4739809,0
657,Very Good,nh-white,1,1,3,-.5,18.772562,5.7640767,.5
658,Very Good,nh-black,1,1,3,1,18.3015,3.9864774,-1
658,Good,nh-white,1,1,4,.25,18.629478,4.6518669,-.25
660,Good,nh-white,1,1,3,-2,15.405637,1.7605942,2
660,Good,nh-white,1,1,3,-2,18.054771,4.1590996,2
661,Fair,nh-white,1,0,4,-2,13.818917,1.9872513,2
661,Very Good,nh-white,0,1,2,-1.5,23.168514,3.7125468,1.5
662,Excellent,nh-white,0,0,4,-2,22.440323,4.0416274,2
662,Very Good,nh-white,0,0,5,-1.75,22.745541,3.871525,1.75
663,Fair,nh-white,1,1,3,.25,16.916885,-2.3055654,-.25
663,Good,nh-white,1,1,2,-.5,17.632996,5.3003802,.5
664,Good,nh-white,1,0,3,-.5,17.172125,3.9832659,.5
664,Good,nh-white,0,1,3,.25,19.418427,2.9900546,-.25
666,Excellent,nh-white,1,1,4,-1.5,24.998068,1.9759221,1.5
666,Very Good,nh-white,1,1,5,-1.5,21.22204,4.2153878,1.5
667,Good,nh-white,1,0,4,-.5,16.741585,5.6940236,.5
667,Very Good,nh-white,0,1,3,.25,20.982624,7.8032646,-.25
670,Very Good,nh-white,1,1,4,-.75,18.783457,1.2159939,.75
670,Very Good,nh-white,1,1,4,-1.5,20.756395,3.7791026,1.5
672,Very Good,nh-white,1,0,5,-.75,19.081469,3.1301537,.75
672,Excellent,nh-white,0,1,4,-1.25,20.541368,3.3618336,1.25
673,Very Good,nh-black,1,0,4,-1,19.55335,5.2348533,1
673,Very Good,nh-black,0,1,4,-2,17.86389,4.8903151,2
674,Excellent,nh-white,0,0,4,-.75,21.293171,6.7494373,.75
674,Very Good,nh-white,0,0,5,-1.75,24.184536,4.3090558,1.75
676,Good,nh-other,0,0,3,-1.5,17.04813,4.2721362,1.5
676,Good,nh-white,0,0,3,-.25,21.17396,3.6322644,.25
677,Excellent,nh-white,0,0,4,-.75,24.996149,5.8425336,.75
677,Very Good,nh-white,0,0,5,-1.75,18.49205,5.566206,1.75
678,Good,nh-white,1,1,3,-1,18.861076,.58355904,1
678,Good,nh-white,1,1,3,-1.25,16.31601,2.6599977,1.25
679,Very Good,nh-white,1,1,3,-1.25,22.306562,5.9373055,1.25
679,Good,nh-white,1,1,4,-1.25,18.260902,1.4673958,1.25
680,Good,nh-white,1,1,4,-1.75,18.336229,5.1420021,1.75
680,Very Good,nh-white,1,1,3,-1.75,19.800379,3.099525,1.75
681,Fair,nh-white,1,0,3,-1.5,15.905046,2.6941378,1.5
681,Good,nh-white,0,1,2,-1.25,19.84646,2.2034705,1.25
684,Fair,nh-white,1,0,2,-1.5,14.648389,3.3736246,1.5
684,Fair,nh-white,0,1,2,-.75,16.216232,2.787163,.75
687,Very Good,nh-white,1,1,3,-1,22.469479,5.0977116,1
687,Good,nh-white,1,1,4,-.75,17.285509,1.0844328,.75
688,Very Good,hispanic,1,0,4,-1.75,20.470003,3.4545696,1.75
688,Very Good,nh-black,0,1,4,-1.75,17.819944,4.2523017,1.75
690,Excellent,nh-white,0,0,4,-1.75,22.798439,4.6691437,1.75
690,Very Good,nh-white,0,0,5,-2,20.197195,4.6922975,2
692,Very Good,nh-white,1,1,3,-.5,20.795275,3.5357208,.5
692,Good,nh-white,1,1,4,0,17.546234,2.6720126,0
693,Very Good,nh-white,0,0,4,-1.75,21.680834,3.9189975,1.75
693,Very Good,nh-white,0,0,4,-1.75,20.88084,2.9142466,1.75
694,Fair,nh-other,1,0,3,-.5,14.352402,.23006065,.5
694,Good,nh-black,0,1,2,-.25,16.510359,3.3295488,.25
696,Fair,nh-white,1,1,3,-1,14.582999,2.673094,1
696,Good,nh-other,1,1,2,.75,15.672422,2.059859,-.75
697,Very Good,nh-white,1,1,5,0,21.67837,3.5726881,0
697,Excellent,nh-white,1,1,4,-.5,21.06341,3.4304779,.5
698,Very Good,nh-white,0,0,5,-1.75,19.915131,6.2450905,1.75
698,Excellent,nh-white,0,0,4,-.75,25.130262,5.8438902,.75
700,Very Good,nh-white,1,1,4,-.75,18.841448,6.0172167,.75
700,Very Good,nh-white,1,1,4,-.5,19.405451,2.0466435,.5
701,Good,nh-black,1,0,4,-1.5,14.469168,2.0547621,1.5
701,Very Good,nh-black,0,1,3,-1.25,19.688478,5.4890566,1.25
702,Very Good,nh-white,0,0,5,-1.25,19.700239,4.4811363,1.25
702,Excellent,nh-white,0,0,4,-1,22.881941,6.3487539,1
703,Excellent,nh-white,0,0,5,-.5,23.16342,3.8404198,.5
703,Excellent,nh-white,0,0,5,-1,22.047897,3.0703695,1
704,Very Good,nh-white,1,1,2,-2,19.334515,3.53982,2
704,Fair,nh-black,1,1,4,0,13.594485,2.0202301,0
707,Excellent,nh-white,1,1,4,-.75,21.676241,5.1316476,.75
707,Very Good,nh-white,1,1,5,-1.75,19.330519,2.5045223,1.75
708,Very Good,nh-white,1,1,5,-1.75,18.574318,3.6842396,1.75
708,Excellent,nh-white,1,1,4,-.5,21.875357,5.370801,.5
709,Good,nh-white,1,1,2,-1.75,16.904657,3.6988814,1.75
709,Fair,nh-white,1,1,3,-.75,14.067437,2.0880907,.75
710,Good,hispanic,0,1,2,-.5,15.449769,3.7456872,.5
710,Fair,hispanic,1,0,3,0,14.07063,2.7280238,0
712,Good,nh-white,1,1,2,-1.75,17.473598,1.4423926,1.75
712,Fair,nh-white,1,1,3,-.5,17.207346,3.4960377,.5
713,Excellent,nh-white,1,1,3,-1.75,23.638323,5.808898,1.75
713,Good,nh-white,1,1,5,-1.75,18.479534,3.5436225,1.75
714,Very Good,nh-white,1,1,4,-1.5,18.817968,4.3796444,1.5
714,Very Good,nh-white,1,1,4,-2,20.669727,5.1348133,2
717,Good,nh-white,0,0,4,-1.75,14.139614,5.8353815,1.75
717,Very Good,nh-white,0,0,3,-1.5,18.451187,4.519834,1.5
719,Good,nh-white,0,1,3,-.25,18.981855,2.334439,.25
719,Good,nh-white,1,0,3,-.75,17.872377,2.8358073,.75
720,Very Good,nh-white,0,0,3,-1,17.764011,2.7417126,1
720,Good,nh-white,0,0,4,-1.5,16.828999,3.6004856,1.5
722,Excellent,nh-white,1,1,3,-1,23.398884,4.9430428,1
722,Good,nh-white,1,1,5,-1,15.064211,2.7153518,1
724,Fair,nh-white,1,0,2,-.5,17.087105,.83316106,.5
724,Fair,nh-white,0,1,2,.5,15.620367,2.2759213,-.5
725,Very Good,nh-white,1,0,1,.25,23.438026,5.7094064,-.25
725,Poor,hispanic,0,1,4,0,13.283802,2.1846633,0
726,Very Good,nh-white,1,1,4,-1.5,19.873138,4.0857344,1.5
726,Very Good,nh-white,1,1,4,0,20.236734,5.5933933,0
727,Very Good,nh-white,1,1,4,-1.75,22.231932,4.8782196,1.75
727,Very Good,nh-white,1,1,4,-1,17.486059,5.0515804,1
728,Very Good,nh-white,1,1,4,-1.5,19.509754,4.9789042,1.5
728,Very Good,nh-white,1,1,4,-1.25,18.220251,.07625442,1.25
730,Good,nh-white,1,0,3,-.5,19.172354,5.4014206,.5
730,Good,nh-white,0,1,3,-1.5,16.318665,3.3223522,1.5
732,Very Good,nh-white,1,0,3,-1.25,20.949631,4.7772961,1.25
732,Good,nh-white,0,1,4,-1,15.321761,2.5397742,1
733,Very Good,nh-white,0,0,5,-2,19.639364,4.4471478,2
733,Excellent,nh-white,0,0,4,-.5,21.719248,7.0588846,.5
734,Very Good,nh-black,1,0,4,-.75,20.927822,3.6793208,.75
734,Very Good,nh-white,0,1,4,.5,21.065855,1.7310611,-.5
735,Very Good,nh-white,1,1,4,-1.5,20.798096,5.0069966,1.5
735,Very Good,nh-white,1,1,4,-1.75,20.950296,6.5997953,1.75
736,Very Good,nh-white,1,0,5,-1,22.029387,3.2044296,1
736,Excellent,nh-white,0,1,4,0,23.215845,4.7330499,0
738,Good,nh-white,1,0,2,-.75,16.956734,4.9470019,.75
738,Fair,nh-white,0,1,3,-2,13.964889,1.9189951,2
740,Fair,nh-other,1,0,3,-1.75,16.156832,1.7491214,1.75
740,Good,nh-white,0,1,2,-.25,16.238605,2.2392566,.25
742,Good,nh-white,1,0,4,-1.25,17.086708,6.0689616,1.25
742,Very Good,nh-white,0,1,3,-1.25,20.378983,4.5388694,1.25
744,Very Good,nh-white,1,0,3,-2,20.55423,2.855407,2
744,Good,nh-white,0,1,4,-1.75,15.266556,2.6282358,1.75
745,Very Good,nh-white,1,1,4,-2,20.452118,5.0113249,2
745,Very Good,nh-white,1,1,4,0,19.941923,4.986855,0
746,Fair,nh-white,1,0,1,-1.75,13.66494,5.7253246,1.75
746,Poor,nh-white,0,1,2,-1.75,14.802126,-.59768099,1.75
747,Very Good,nh-white,1,1,4,-2,21.763456,4.1321239,2
747,Very Good,nh-white,1,1,4,-1.75,20.653988,4.7933822,1.75
748,Good,nh-white,1,0,3,-1.5,16.495155,2.6555476,1.5
748,Good,nh-white,0,1,3,-1,16.657776,3.7922554,1
749,Good,nh-white,1,0,3,-2,18.19062,3.1295695,2
749,Good,nh-black,0,1,3,-1.25,18.712391,3.6139882,1.25
750,Very Good,nh-white,1,1,3,-2,19.384119,4.4894853,2
750,Good,nh-white,1,1,4,-.75,18.969265,5.4134903,.75
751,Good,hispanic,1,0,4,-1.75,17.388735,4.4654388,1.75
751,Very Good,nh-white,0,1,3,0,20.591944,2.5583613,0
752,Good,nh-white,1,0,3,-1.5,16.863106,2.3256388,1.5
752,Good,nh-white,0,1,3,-.25,17.55979,5.1653371,.25
753,Excellent,nh-white,0,0,4,-1,21.647345,4.8611975,1
753,Very Good,nh-white,0,0,5,-1.75,21.438097,3.2266309,1.75
754,Very Good,nh-black,1,0,5,-2,19.735554,3.5295861,2
754,Excellent,nh-white,0,1,4,-1.25,23.866327,5.7841783,1.25
755,Good,nh-white,0,1,5,-.75,17.956968,3.0550613,.75
755,Excellent,nh-white,1,0,3,-2,22.689678,5.5708399,2
756,Very Good,nh-white,1,0,3,-.5,19.592415,2.1690087,.5
756,Good,nh-white,0,1,4,0,16.695297,.99558246,0
760,Good,nh-white,1,0,3,-.75,16.475931,2.2050457,.75
760,Good,nh-white,0,1,3,-1,18.433485,1.6760101,1
765,Excellent,nh-white,1,0,3,-.75,24.093781,4.9515929,.75
765,Good,nh-white,0,1,5,-1,15.763753,6.5087461,1
766,Very Good,nh-white,0,0,3,-1,17.760584,5.691308,1
766,Good,nh-white,0,0,4,-1.5,16.554693,2.6325574,1.5
767,Very Good,hispanic,1,0,4,0,21.47822,3.2890584,0
767,Very Good,nh-white,0,1,4,-1.5,18.354321,3.8694866,1.5
768,Very Good,nh-white,1,1,1,-1.75,20.565348,4.4340448,1.75
768,Poor,nh-white,1,1,4,-1.75,10.009279,1.74386,1.75
769,Very Good,nh-white,0,0,5,.5,19.920706,6.2295537,-.5
769,Excellent,hispanic,0,0,4,-1,19.859451,4.1271744,1
770,Very Good,nh-black,0,1,4,-1.5,21.743801,3.511728,1.5
770,Very Good,nh-white,1,0,4,-1.25,22.819838,2.8316245,1.25
771,Very Good,nh-mixed,0,0,3,-2,19.001257,3.2920725,2
771,Good,nh-white,0,0,4,-1.5,19.566643,4.7659469,1.5
772,Excellent,nh-white,0,0,5,-1.75,23.864388,6.7068248,1.75
772,Excellent,nh-white,0,0,5,-1.75,21.189539,7.1148906,1.75
773,Good,nh-asian,0,1,1,-.5,17.335043,1.7462246,.5
773,Poor,nh-asian,1,0,3,0,14.35214,2.2654364,0
774,Very Good,nh-white,1,0,3,-1,21.844231,4.4519253,1
774,Good,nh-asian,0,1,4,-.75,17.515236,2.8751187,.75
776,Good,nh-white,1,1,2,-1.25,17.748619,2.7356815,1.25
776,Fair,nh-white,1,1,3,-1.5,15.387153,1.9953206,1.5
777,Very Good,nh-asian,1,0,2,-1.5,18.61729,4.2698388,1.5
777,Fair,nh-white,0,1,4,-1,16.096581,.075670615,1
